t_s,Q_m3_s,P_electrica_W
1,0.903153,412.047
2,0.902174,411.353
3,0.90083,410.667
4,0.899171,409.993
5,0.89723,409.323
6,0.895042,408.654
7,0.892642,407.99
8,0.890051,407.325
9,0.887293,406.657
10,0.884392,405.989
11,0.88136,405.314
12,0.878218,404.637
13,0.874973,403.949
14,0.871643,403.256
15,0.868237,402.558
16,0.864761,401.849
17,0.861223,401.129
18,0.857633,400.4
19,0.853996,399.663
20,0.850316,398.914
21,0.846599,398.156
22,0.842848,397.386
23,0.839066,396.604
24,0.835259,395.814
25,0.831424,395.009
26,0.827584,394.211
27,0.823823,393.518
28,0.820044,392.813
29,0.81625,392.098
30,0.81244,391.369
31,0.808615,390.627
32,0.804779,389.875
33,0.80093,389.11
34,0.796862,388.325
35,0.792717,387.524
36,0.788563,386.709
37,0.784399,385.879
38,0.780225,385.033
39,0.776041,384.172
40,0.771849,383.297
41,0.767649,382.405
42,0.76344,381.499
43,0.759226,380.579
44,0.755002,379.642
45,0.750772,378.691
46,0.746532,377.723
47,0.742287,376.74
48,0.738032,375.739
49,0.733774,374.726
50,0.729507,373.695
51,0.725234,372.649
52,0.720954,371.588
53,0.716668,370.512
54,0.712373,369.416
55,0.708075,368.309
56,0.703768,367.182
57,0.699458,366.043
58,0.695138,364.884
59,0.690815,363.713
60,0.686483,362.523
61,0.682145,361.316
62,0.6778,360.093
63,0.673453,358.857
64,0.669096,357.601
65,0.664736,356.332
66,0.660367,355.044
67,0.655993,353.74
68,0.651614,352.419
69,0.647229,351.084
70,0.642835,349.728
71,0.638438,348.358
72,0.634035,346.972
73,0.629626,345.568
74,0.625213,344.15
75,0.620792,342.713
76,0.616364,341.257
77,0.611933,339.788
78,0.607496,338.301
79,0.603053,336.797
80,0.598603,335.275
81,0.594151,333.738
82,0.589689,332.181
83,0.585224,330.609
84,0.580753,329.019
85,0.576279,327.414
86,0.571795,325.788
87,0.567309,324.148
88,0.562819,322.492
89,0.558323,320.817
90,0.553821,319.125
91,0.549313,317.414
92,0.544802,315.688
93,0.540284,313.943
94,0.54,316.06
95,0.54,318.451
96,0.54,320.856
97,0.54,323.274
98,0.54,325.705
99,0.54,328.147
100,0.54,330.599
101,0.54,333.062
102,0.54,335.533
103,0.54,338.013
104,0.54,340.5
105,0.54,342.995
106,0.54,345.497
107,0.54,348.005
108,0.54,350.519
109,0.54,353.038
110,0.54,355.562
111,0.54,358.09
112,0.54,360.623
113,0.54,363.16
114,0.54,365.701
115,0.54,368.245
116,0.54,370.792
117,0.54,373.342
118,0.54,375.895
119,0.54,378.45
120,0.54,381.008
121,0.54,383.568
122,0.54,386.13
123,0.54,388.693
124,0.54,391.259
125,0.54,393.826
126,0.54,396.395
127,0.54,398.965
128,0.54,401.536
129,0.54,404.108
130,0.54,406.682
131,0.54,409.257
132,0.54,411.832
133,0.54,414.409
134,0.54,416.986
135,0.54,419.564
136,0.54,422.142
137,0.54,424.722
138,0.54,427.302
139,0.54,429.882
140,0.54,432.463
141,0.54,435.045
142,0.54,437.627
143,0.54,440.209
144,0.54,442.792
145,0.54,445.375
146,0.54,447.959
147,0.54,450.542
148,0.54,453.127
149,0.54,455.711
150,0.54,458.295
151,0.54,460.88
152,0.54,463.465
153,0.54,466.05
154,0.54,468.636
155,0.54,471.221
156,0.54,473.807
157,0.54,476.393
158,0.54,478.979
159,0.54,481.565
160,0.54,484.151
161,0.54,486.738
162,0.54,489.324
163,0.54,491.911
164,0.54,494.497
165,0.54,497.084
166,0.54,499.671
167,0.54,502.258
168,0.54,504.844
169,0.54,507.431
170,0.54,510.018
171,0.54,512.605
172,0.54,515.193
173,0.54,517.78
174,0.54,520.367
175,0.54,522.954
176,0.54,525.541
177,0.54,528.129
178,0.54,530.716
179,0.54,533.303
180,0.54,535.891
181,0.54,538.478
182,0.54,541.066
183,0.54,543.653
184,0.54,546.241
185,0.54,548.828
186,0.54,551.416
187,0.54,554.003
188,0.54,556.591
189,0.54,559.178
190,0.54,561.766
191,0.54,564.353
192,0.54,566.941
193,0.54,569.528
194,0.54,572.116
195,0.54,574.704
196,0.54,577.291
197,0.54,579.879
198,0.54,582.466
199,0.54,585.054
200,0.54,587.642
201,0.54,590.229
202,0.54,592.817
203,0.54,595.405
204,0.54,597.992
205,0.54,600.58
206,0.54,603.168
207,0.54,605.755
208,0.54,608.343
209,0.54,610.931
210,0.54,613.518
211,0.54,616.106
212,0.54,618.694
213,0.54,621.281
214,0.54,623.869
215,0.54,626.457
216,0.54,629.044
217,0.54,631.632
218,0.54,634.22
219,0.54,636.236
220,0.54,636.236
221,0.54,636.236
222,0.54,636.236
223,0.54,636.236
224,0.54,636.236
225,0.54,636.236
226,0.54,636.236
227,0.54,636.236
228,0.54,636.236
229,0.54,636.236
230,0.54,636.236
231,0.54,636.236
232,0.54,636.236
233,0.54,636.236
234,0.54,636.236
235,0.54,636.236
236,0.54,636.236
237,0.54,636.236
238,0.54,636.236
239,0.54,636.236
240,0.54,636.236
241,0.54,636.236
242,0.54,636.236
243,0.54,636.236
244,0.54,636.236
245,0.54,636.236
246,0.54,636.236
247,0.54,636.236
248,0.54,636.236
249,0.54,636.236
250,0.54,636.236
251,0.54,636.236
252,0.54,636.236
253,0.54,636.236
254,0.54,636.236
255,0.54,636.236
256,0.54,636.236
257,0.54,636.236
258,0.54,636.236
259,0.54,636.236
260,0.54,636.236
261,0.54,636.236
262,0.54,636.236
263,0.54,636.236
264,0.54,636.236
265,0.54,636.236
266,0.54,636.236
267,0.54,636.236
268,0.54,636.236
269,0.54,636.236
270,0.54,636.236
271,0.54,636.236
272,0.54,636.236
273,0.54,636.236
274,0.54,636.236
275,0.54,636.236
276,0.54,636.236
277,0.54,636.236
278,0.54,636.236
279,0.54,636.236
280,0.54,636.236
281,0.54,636.236
282,0.54,636.236
283,0.54,636.236
284,0.54,636.236
285,0.54,636.236
286,0.54,636.236
287,0.54,636.236
288,0.54,636.236
289,0.54,636.236
290,0.54,636.236
291,0.54,636.236
292,0.54,636.236
293,0.54,636.236
294,0.54,636.236
295,0.54,636.236
296,0.54,636.236
297,0.54,636.236
298,0.54,636.236
299,0.54,636.236
300,0.54,636.236
301,0.54,532.416
302,0.54,533.15
303,0.54,533.83
304,0.54,534.461
305,0.54,535.046
306,0.54,535.588
307,0.54,536.092
308,0.54,536.559
309,0.54,536.992
310,0.54,537.393
311,0.54,537.766
312,0.54,538.111
313,0.54,538.432
314,0.54,538.729
315,0.54,539.005
316,0.54,539.26
317,0.54,539.498
318,0.54,539.718
319,0.54,539.922
320,0.54,540.111
321,0.54,540.286
322,0.54,540.449
323,0.54,540.6
324,0.54,540.74
325,0.54,540.87
326,0.54,540.99
327,0.54,541.102
328,0.54,541.206
329,0.54,541.302
330,0.54,541.391
331,0.54,541.474
332,0.54,541.55
333,0.54,541.621
334,0.54,541.687
335,0.54,541.749
336,0.54,541.805
337,0.54,541.858
338,0.54,541.907
339,0.54,541.952
340,0.54,541.994
341,0.54,542.033
342,0.54,542.069
343,0.54,542.103
344,0.54,542.134
345,0.54,542.163
346,0.54,542.189
347,0.54,542.214
348,0.54,542.237
349,0.54,542.259
350,0.54,542.278
351,0.54,542.297
352,0.54,542.314
353,0.54,542.329
354,0.54,542.344
355,0.54,542.358
356,0.54,542.37
357,0.54,542.382
358,0.54,542.393
359,0.54,542.403
360,0.54,542.412
361,0.54,542.421
362,0.54,542.429
363,0.54,542.436
364,0.54,542.443
365,0.54,542.45
366,0.54,542.456
367,0.54,542.461
368,0.54,542.466
369,0.54,542.471
370,0.54,542.475
371,0.54,542.479
372,0.54,542.483
373,0.54,542.487
374,0.54,542.49
375,0.54,542.493
376,0.54,542.496
377,0.54,542.498
378,0.54,542.501
379,0.54,542.503
380,0.54,542.505
381,0.54,542.507
382,0.54,542.509
383,0.54,542.51
384,0.54,542.512
385,0.54,542.513
386,0.54,542.515
387,0.54,542.516
388,0.54,542.517
389,0.54,542.518
390,0.54,542.519
391,0.54,542.52
392,0.54,542.521
393,0.54,542.521
394,0.54,542.522
395,0.54,542.523
396,0.54,542.524
397,0.54,542.524
398,0.54,542.525
399,0.54,542.525
400,0.54,542.526
401,0.54,542.526
402,0.54,542.526
403,0.54,542.527
404,0.54,542.527
405,0.54,542.527
406,0.54,542.528
407,0.54,542.528
408,0.54,542.528
409,0.54,542.528
410,0.54,542.529
411,0.54,542.529
412,0.54,542.529
413,0.54,542.529
414,0.54,542.529
415,0.54,542.53
416,0.54,542.53
417,0.54,542.53
418,0.54,542.53
419,0.54,542.53
420,0.54,542.53
421,0.54,542.53
422,0.54,542.718
423,0.54,543.08
424,0.54,543.603
425,0.54,544.275
426,0.54,545.087
427,0.54,546.027
428,0.54,547.087
429,0.54,548.258
430,0.54,549.531
431,0.54,550.9
432,0.54,552.357
433,0.54,553.896
434,0.54,555.511
435,0.54,557.196
436,0.54,558.947
437,0.54,560.759
438,0.54,562.627
439,0.54,564.547
440,0.54,566.515
441,0.54,568.529
442,0.54,570.584
443,0.54,572.677
444,0.54,574.807
445,0.54,576.969
446,0.54,579.163
447,0.54,581.385
448,0.54,583.633
449,0.54,585.907
450,0.54,588.203
451,0.54,590.52
452,0.54,592.856
453,0.54,595.211
454,0.54,597.583
455,0.54,599.971
456,0.54,602.373
457,0.54,604.788
458,0.54,607.216
459,0.54,609.655
460,0.54,612.106
461,0.54,614.566
462,0.54,617.035
463,0.54,619.513
464,0.54,621.999
465,0.54,624.493
466,0.54,626.993
467,0.54,629.5
468,0.54,632.012
469,0.54,634.53
470,0.54,636.236
471,0.54,636.236
472,0.54,636.236
473,0.54,636.236
474,0.54,636.236
475,0.54,636.236
476,0.54,636.236
477,0.54,636.236
478,0.54,636.236
479,0.54,636.236
480,0.54,636.236
481,0.54,636.236
482,0.54,636.236
483,0.54,636.236
484,0.54,636.236
485,0.54,636.236
486,0.54,636.236
487,0.54,636.236
488,0.54,636.236
489,0.54,636.236
490,0.54,636.236
491,0.54,636.236
492,0.54,636.236
493,0.54,636.236
494,0.54,636.236
495,0.54,636.236
496,0.54,636.236
497,0.54,636.236
498,0.54,636.236
499,0.54,636.236
500,0.54,636.236
501,0.54,636.236
502,0.54,636.236
503,0.54,636.236
504,0.54,636.236
505,0.54,636.236
506,0.54,636.236
507,0.54,636.236
508,0.54,636.236
509,0.54,636.236
510,0.54,636.236
511,0.54,636.236
512,0.54,636.236
513,0.54,636.236
514,0.54,636.236
515,0.54,636.236
516,0.54,636.236
517,0.54,636.236
518,0.54,636.236
519,0.54,636.236
520,0.54,636.236
521,0.54,636.236
522,0.54,636.236
523,0.54,636.236
524,0.54,636.236
525,0.54,636.236
526,0.54,636.236
527,0.54,636.236
528,0.54,636.236
529,0.54,636.236
530,0.54,636.236
531,0.54,636.236
532,0.54,636.236
533,0.54,636.236
534,0.54,636.236
535,0.54,636.236
536,0.54,636.236
537,0.54,636.236
538,0.54,636.236
539,0.54,636.236
540,0.54,636.236
541,0.54,636.236
542,0.54,636.236
543,0.54,636.236
544,0.54,636.236
545,0.54,636.236
546,0.54,636.236
547,0.54,636.236
548,0.54,636.236
549,0.54,636.236
550,0.54,636.236
551,0.54,636.236
552,0.54,636.236
553,0.54,636.236
554,0.54,636.236
555,0.54,636.236
556,0.54,636.236
557,0.54,636.236
558,0.54,636.236
559,0.54,636.236
560,0.54,636.236
561,0.54,636.236
562,0.54,636.236
563,0.54,636.236
564,0.54,636.236
565,0.54,636.236
566,0.54,636.236
567,0.54,636.236
568,0.54,636.236
569,0.54,636.236
570,0.54,636.236
571,0.54,636.236
572,0.54,636.236
573,0.54,636.236
574,0.54,636.236
575,0.54,636.236
576,0.54,636.236
577,0.54,636.236
578,0.54,636.236
579,0.54,636.236
580,0.54,636.236
581,0.54,636.236
582,0.54,636.236
583,0.54,636.236
584,0.54,636.236
585,0.54,636.236
586,0.54,636.236
587,0.54,636.236
588,0.54,636.236
589,0.54,636.236
590,0.54,636.236
591,0.54,636.236
592,0.54,636.236
593,0.54,636.236
594,0.54,636.236
595,0.54,636.236
596,0.54,636.236
597,0.54,636.236
598,0.54,636.236
599,0.54,636.236
600,0.54,636.236
601,0.54,636.236
602,0.54,636.236
603,0.54,636.236
604,0.54,636.236
605,0.54,636.236
606,0.54,636.236
607,0.54,636.236
608,0.54,636.236
609,0.54,636.236
610,0.54,636.236
611,0.54,636.236
612,0.54,636.236
613,0.54,636.236
614,0.54,636.236
615,0.54,636.236
616,0.54,636.236
617,0.54,636.236
618,0.54,636.236
619,0.54,636.236
620,0.54,636.236
621,0.54,636.236
622,0.54,636.236
623,0.54,636.236
624,0.54,636.236
625,0.54,636.236
626,0.54,636.236
627,0.54,636.236
628,0.54,636.236
629,0.54,636.236
630,0.54,636.236
631,0.54,636.236
632,0.54,636.236
633,0.54,636.236
634,0.54,636.236
635,0.54,636.236
636,0.54,636.236
637,0.54,636.236
638,0.54,636.236
639,0.54,636.236
640,0.54,636.236
641,0.54,636.236
642,0.54,636.236
643,0.54,636.236
644,0.54,636.236
645,0.54,636.236
646,0.54,636.236
647,0.54,636.236
648,0.54,636.236
649,0.54,636.236
650,0.54,636.236
651,0.54,636.236
652,0.54,636.236
653,0.54,636.236
654,0.54,636.236
655,0.54,636.236
656,0.54,636.236
657,0.54,636.236
658,0.54,636.236
659,0.54,636.236
660,0.54,636.236
661,0.54,636.236
662,0.54,636.236
663,0.54,636.236
664,0.54,636.236
665,0.54,636.236
666,0.54,636.236
667,0.54,636.236
668,0.54,636.236
669,0.54,636.236
670,0.54,636.236
671,0.54,636.236
672,0.54,636.236
673,0.54,636.236
674,0.54,636.236
675,0.54,636.236
676,0.54,636.236
677,0.54,636.236
678,0.54,636.236
679,0.54,636.236
680,0.54,636.236
681,0.54,636.236
682,0.54,636.236
683,0.54,636.236
684,0.54,636.236
685,0.54,636.236
686,0.54,636.236
687,0.54,636.236
688,0.54,636.236
689,0.54,636.236
690,0.54,636.236
691,0.54,636.236
692,0.54,636.236
693,0.54,636.236
694,0.54,636.236
695,0.54,636.236
696,0.54,636.236
697,0.54,636.236
698,0.54,636.236
699,0.54,636.236
700,0.54,636.236
701,0.54,636.236
702,0.54,636.236
703,0.54,636.236
704,0.54,636.236
705,0.54,636.236
706,0.54,636.236
707,0.54,636.236
708,0.54,636.236
709,0.54,636.236
710,0.54,636.236
711,0.54,636.236
712,0.54,636.236
713,0.54,636.236
714,0.54,636.236
715,0.54,636.236
716,0.54,636.236
717,0.54,636.236
718,0.54,636.236
719,0.54,636.236
720,0.54,636.236
721,0.54,636.236
722,0.54,636.236
723,0.54,636.236
724,0.54,636.236
725,0.54,636.236
726,0.54,636.236
727,0.54,636.236
728,0.54,636.236
729,0.54,636.236
730,0.54,636.236
731,0.54,636.236
732,0.54,636.236
733,0.54,636.236
734,0.54,636.236
735,0.54,636.236
736,0.54,636.236
737,0.54,636.236
738,0.54,636.236
739,0.54,636.236
740,0.54,636.236
741,0.54,636.236
742,0.54,636.236
743,0.54,636.236
744,0.54,636.236
745,0.54,636.236
746,0.54,636.236
747,0.54,636.236
748,0.54,636.236
749,0.54,636.236
750,0.54,636.236
751,0.54,636.236
752,0.54,636.236
753,0.54,636.236
754,0.54,636.236
755,0.54,636.236
756,0.54,636.236
757,0.54,636.236
758,0.54,636.236
759,0.54,636.236
760,0.54,636.236
761,0.54,636.236
762,0.54,636.236
763,0.54,636.236
764,0.54,636.236
765,0.54,636.236
766,0.54,636.236
767,0.54,636.236
768,0.54,636.236
769,0.54,636.236
770,0.54,636.236
771,0.54,636.236
772,0.54,636.236
773,0.54,636.236
774,0.54,636.236
775,0.54,636.236
776,0.54,636.236
777,0.54,636.236
778,0.54,636.236
779,0.54,636.236
780,0.54,636.236
781,0.54,636.236
782,0.54,636.236
783,0.54,636.236
784,0.54,636.236
785,0.54,636.236
786,0.54,636.236
787,0.54,636.236
788,0.54,636.236
789,0.54,636.236
790,0.54,636.236
791,0.54,636.236
792,0.54,636.236
793,0.54,636.236
794,0.54,636.236
795,0.54,636.236
796,0.54,636.236
797,0.54,636.236
798,0.54,636.236
799,0.54,636.236
800,0.54,636.236
801,0.54,636.236
802,0.54,636.236
803,0.54,636.236
804,0.54,636.236
805,0.54,636.236
806,0.54,636.236
807,0.54,636.236
808,0.54,636.236
809,0.54,636.236
810,0.54,636.236
811,0.54,636.236
812,0.54,636.236
813,0.54,636.236
814,0.54,636.236
815,0.54,636.236
816,0.54,636.236
817,0.54,636.236
818,0.54,636.236
819,0.54,636.236
820,0.54,636.236
821,0.54,636.236
822,0.54,636.236
823,0.54,636.236
824,0.54,636.236
825,0.54,636.236
826,0.54,636.236
827,0.54,636.236
828,0.54,636.236
829,0.54,636.236
830,0.54,636.236
831,0.54,636.236
832,0.54,636.236
833,0.54,636.236
834,0.54,636.236
835,0.54,636.236
836,0.54,636.236
837,0.54,636.236
838,0.54,636.236
839,0.54,636.236
840,0.54,636.236
841,0.54,636.236
842,0.54,636.236
843,0.54,636.236
844,0.54,636.236
845,0.54,636.236
846,0.54,636.236
847,0.54,636.236
848,0.54,636.236
849,0.54,636.236
850,0.54,636.236
851,0.54,636.236
852,0.54,636.236
853,0.54,636.236
854,0.54,636.236
855,0.54,636.236
856,0.54,636.236
857,0.54,636.236
858,0.54,636.236
859,0.54,636.236
860,0.54,636.236
861,0.54,636.236
862,0.54,636.236
863,0.54,636.236
864,0.54,636.236
865,0.54,636.236
866,0.54,636.236
867,0.54,636.236
868,0.54,636.236
869,0.54,636.236
870,0.54,636.236
871,0.54,636.236
872,0.54,636.236
873,0.54,636.236
874,0.54,636.236
875,0.54,636.236
876,0.54,636.236
877,0.54,636.236
878,0.54,636.236
879,0.54,636.236
880,0.54,636.236
881,0.54,636.236
882,0.54,636.236
883,0.54,636.236
884,0.54,636.236
885,0.54,636.236
886,0.54,636.236
887,0.54,636.236
888,0.54,636.236
889,0.54,636.236
890,0.54,636.236
891,0.54,636.236
892,0.54,636.236
893,0.54,636.236
894,0.54,636.236
895,0.54,636.236
896,0.54,636.236
897,0.54,636.236
898,0.54,636.236
899,0.54,636.236
900,0.54,636.236
901,0.54,636.236
902,0.54,636.236
903,0.54,636.236
904,0.54,636.236
905,0.54,636.236
906,0.54,636.236
907,0.54,636.236
908,0.54,636.236
909,0.54,636.236
910,0.54,636.236
911,0.54,636.236
912,0.54,636.236
913,0.54,636.236
914,0.54,636.236
915,0.54,636.236
916,0.54,636.236
917,0.54,636.236
918,0.54,636.236
919,0.54,636.236
920,0.54,636.236
921,0.54,636.236
922,0.54,636.236
923,0.54,636.236
924,0.54,636.236
925,0.54,636.236
926,0.54,636.236
927,0.54,636.236
928,0.54,636.236
929,0.54,636.236
930,0.54,636.236
931,0.54,636.236
932,0.54,636.236
933,0.54,636.236
934,0.54,636.236
935,0.54,636.236
936,0.54,636.236
937,0.54,636.236
938,0.54,636.236
939,0.54,636.236
940,0.54,636.236
941,0.54,636.236
942,0.54,636.236
943,0.54,636.236
944,0.54,636.236
945,0.54,636.236
946,0.54,636.236
947,0.54,636.236
948,0.54,636.236
949,0.54,636.236
950,0.54,636.236
951,0.54,636.236
952,0.54,636.236
953,0.54,636.236
954,0.54,636.236
955,0.54,636.236
956,0.54,636.236
957,0.54,636.236
958,0.54,636.236
959,0.54,636.236
960,0.54,636.236
961,0.54,636.236
962,0.54,636.236
963,0.54,636.236
964,0.54,636.236
965,0.54,636.236
966,0.54,636.236
967,0.54,636.236
968,0.54,636.236
969,0.54,636.236
970,0.54,636.236
971,0.54,636.236
972,0.54,636.236
973,0.54,636.236
974,0.54,636.236
975,0.54,636.236
976,0.54,636.236
977,0.54,636.236
978,0.54,636.236
979,0.54,636.236
980,0.54,636.236
981,0.54,636.236
982,0.54,636.236
983,0.54,636.236
984,0.54,636.236
985,0.54,636.236
986,0.54,636.236
987,0.54,636.236
988,0.54,636.236
989,0.54,636.236
990,0.54,636.236
991,0.54,636.236
992,0.54,636.236
993,0.54,636.236
994,0.54,636.236
995,0.54,636.236
996,0.54,636.236
997,0.54,636.236
998,0.54,636.236
999,0.54,636.236
1000,0.54,636.236
1001,0.54,636.236
1002,0.54,636.236
1003,0.54,636.236
1004,0.54,636.236
1005,0.54,636.236
1006,0.54,636.236
1007,0.54,636.236
1008,0.54,636.236
1009,0.54,636.236
1010,0.54,636.236
1011,0.54,636.236
1012,0.54,636.236
1013,0.54,636.236
1014,0.54,636.236
1015,0.54,636.236
1016,0.54,636.236
1017,0.54,636.236
1018,0.54,636.236
1019,0.54,636.236
1020,0.54,636.236
1021,0.54,636.236
1022,0.54,636.236
1023,0.54,636.236
1024,0.54,636.236
1025,0.54,636.236
1026,0.54,636.236
1027,0.54,636.236
1028,0.54,636.236
1029,0.54,636.236
1030,0.54,636.236
1031,0.54,636.236
1032,0.54,636.236
1033,0.54,636.236
1034,0.54,636.236
1035,0.54,636.236
1036,0.54,636.236
1037,0.54,636.236
1038,0.54,636.236
1039,0.54,636.236
1040,0.54,636.236
1041,0.54,636.236
1042,0.54,636.236
1043,0.54,636.236
1044,0.54,636.236
1045,0.54,636.236
1046,0.54,636.236
1047,0.54,636.236
1048,0.54,636.236
1049,0.54,636.236
1050,0.54,636.236
1051,0.54,636.236
1052,0.54,636.236
1053,0.54,636.236
1054,0.54,636.236
1055,0.54,636.236
1056,0.54,636.236
1057,0.54,636.236
1058,0.54,636.236
1059,0.54,636.236
1060,0.54,636.236
1061,0.54,636.236
1062,0.54,636.236
1063,0.54,636.236
1064,0.54,636.236
1065,0.54,636.236
1066,0.54,636.236
1067,0.54,636.236
1068,0.54,636.236
1069,0.54,636.236
1070,0.54,636.236
1071,0.54,636.236
1072,0.54,636.236
1073,0.54,636.236
1074,0.54,636.236
1075,0.54,636.236
1076,0.54,636.236
1077,0.54,636.236
1078,0.54,636.236
1079,0.54,636.236
1080,0.54,636.236
1081,0.54,636.236
1082,0.54,636.236
1083,0.54,636.236
1084,0.54,636.236
1085,0.54,636.236
1086,0.54,636.236
1087,0.54,636.236
1088,0.54,636.236
1089,0.54,636.236
1090,0.54,636.236
1091,0.54,636.236
1092,0.54,636.236
1093,0.54,636.236
1094,0.54,636.236
1095,0.54,636.236
1096,0.54,636.236
1097,0.54,636.236
1098,0.54,636.236
1099,0.54,636.236
1100,0.54,636.236
1101,0.54,636.236
1102,0.54,636.236
1103,0.54,636.236
1104,0.54,636.236
1105,0.54,636.236
1106,0.54,636.236
1107,0.54,636.236
1108,0.54,636.236
1109,0.54,636.236
1110,0.54,636.236
1111,0.54,636.236
1112,0.54,636.236
1113,0.54,636.236
1114,0.54,636.236
1115,0.54,636.236
1116,0.54,636.236
1117,0.54,636.236
1118,0.54,636.236
1119,0.54,636.236
1120,0.54,636.236
1121,0.54,636.236
1122,0.54,636.236
1123,0.54,636.236
1124,0.54,636.236
1125,0.54,636.236
1126,0.54,636.236
1127,0.54,636.236
1128,0.54,636.236
1129,0.54,636.236
1130,0.54,636.236
1131,0.54,636.236
1132,0.54,636.236
1133,0.54,636.236
1134,0.54,636.236
1135,0.54,636.236
1136,0.54,636.236
1137,0.54,636.236
1138,0.54,636.236
1139,0.54,636.236
1140,0.54,636.236
1141,0.54,636.236
1142,0.54,636.236
1143,0.54,636.236
1144,0.54,636.236
1145,0.54,636.236
1146,0.54,636.236
1147,0.54,636.236
1148,0.54,636.236
1149,0.54,636.236
1150,0.54,636.236
1151,0.54,636.236
1152,0.54,636.236
1153,0.54,636.236
1154,0.54,636.236
1155,0.54,636.236
1156,0.54,636.236
1157,0.54,636.236
1158,0.54,636.236
1159,0.54,636.236
1160,0.54,636.236
1161,0.54,636.236
1162,0.54,636.236
1163,0.54,636.236
1164,0.54,636.236
1165,0.54,636.236
1166,0.54,636.236
1167,0.54,636.236
1168,0.54,636.236
1169,0.54,636.236
1170,0.54,636.236
1171,0.54,636.236
1172,0.54,636.236
1173,0.54,636.236
1174,0.54,636.236
1175,0.54,636.236
1176,0.54,636.236
1177,0.54,636.236
1178,0.54,636.236
1179,0.54,636.236
1180,0.54,636.236
1181,0.54,636.236
1182,0.54,636.236
1183,0.54,636.236
1184,0.54,636.236
1185,0.54,636.236
1186,0.54,636.236
1187,0.54,636.236
1188,0.54,636.236
1189,0.54,636.236
1190,0.54,636.236
1191,0.54,636.236
1192,0.54,636.236
1193,0.54,636.236
1194,0.54,636.236
1195,0.54,636.236
1196,0.54,636.236
1197,0.54,636.236
1198,0.54,636.236
1199,0.54,636.236
1200,0.54,636.236
1201,0.54,636.236
1202,0.54,636.236
1203,0.54,636.236
1204,0.54,636.236
1205,0.54,636.236
1206,0.54,636.236
1207,0.54,636.236
1208,0.54,636.236
1209,0.54,636.236
1210,0.54,636.236
1211,0.54,636.236
1212,0.54,636.236
1213,0.54,636.236
1214,0.54,636.236
1215,0.54,636.236
1216,0.54,636.236
1217,0.54,636.236
1218,0.54,636.236
1219,0.54,636.236
1220,0.54,636.236
1221,0.54,636.236
1222,0.54,636.236
1223,0.54,636.236
1224,0.54,636.236
1225,0.54,636.236
1226,0.54,636.236
1227,0.54,636.236
1228,0.54,636.236
1229,0.54,636.236
1230,0.54,636.236
1231,0.54,636.236
1232,0.54,636.236
1233,0.54,636.236
1234,0.54,636.236
1235,0.54,636.236
1236,0.54,636.236
1237,0.54,636.236
1238,0.54,636.236
1239,0.54,636.236
1240,0.54,636.236
1241,0.54,636.236
1242,0.54,636.236
1243,0.54,636.236
1244,0.54,636.236
1245,0.54,636.236
1246,0.54,636.236
1247,0.54,636.236
1248,0.54,636.236
1249,0.54,636.236
1250,0.54,636.236
1251,0.54,636.236
1252,0.54,636.236
1253,0.54,636.236
1254,0.54,636.236
1255,0.54,636.236
1256,0.54,636.236
1257,0.54,636.236
1258,0.54,636.236
1259,0.54,636.236
1260,0.54,636.236
1261,0.54,636.236
1262,0.54,636.236
1263,0.54,636.236
1264,0.54,636.236
1265,0.54,636.236
1266,0.54,636.236
1267,0.54,636.236
1268,0.54,636.236
1269,0.54,636.236
1270,0.54,636.236
1271,0.54,636.236
1272,0.54,636.236
1273,0.54,636.236
1274,0.54,636.236
1275,0.54,636.236
1276,0.54,636.236
1277,0.54,636.236
1278,0.54,636.236
1279,0.54,636.236
1280,0.54,636.236
1281,0.54,636.236
1282,0.54,636.236
1283,0.54,636.236
1284,0.54,636.236
1285,0.54,636.236
1286,0.54,636.236
1287,0.54,636.236
1288,0.54,636.236
1289,0.54,636.236
1290,0.54,636.236
1291,0.54,636.236
1292,0.54,636.236
1293,0.54,636.236
1294,0.54,636.236
1295,0.54,636.236
1296,0.54,636.236
1297,0.54,636.236
1298,0.54,636.236
1299,0.54,636.236
1300,0.54,636.236
1301,0.54,636.236
1302,0.54,636.236
1303,0.54,636.236
1304,0.54,636.236
1305,0.54,636.236
1306,0.54,636.236
1307,0.54,636.236
1308,0.54,636.236
1309,0.54,636.236
1310,0.54,636.236
1311,0.54,636.236
1312,0.54,636.236
1313,0.54,636.236
1314,0.54,636.236
1315,0.54,636.236
1316,0.54,636.236
1317,0.54,636.236
1318,0.54,636.236
1319,0.54,636.236
1320,0.54,636.236
1321,0.54,636.236
1322,0.54,636.236
1323,0.54,636.236
1324,0.54,636.236
1325,0.54,636.236
1326,0.54,636.236
1327,0.54,636.236
1328,0.54,636.236
1329,0.54,636.236
1330,0.54,636.236
1331,0.54,636.236
1332,0.54,636.236
1333,0.54,636.236
1334,0.54,636.236
1335,0.54,636.236
1336,0.54,636.236
1337,0.54,636.236
1338,0.54,636.236
1339,0.54,636.236
1340,0.54,636.236
1341,0.54,636.236
1342,0.54,636.236
1343,0.54,636.236
1344,0.54,636.236
1345,0.54,636.236
1346,0.54,636.236
1347,0.54,636.236
1348,0.54,636.236
1349,0.54,636.236
1350,0.54,636.236
1351,0.54,636.236
1352,0.54,636.236
1353,0.54,636.236
1354,0.54,636.236
1355,0.54,636.236
1356,0.54,636.236
1357,0.54,636.236
1358,0.54,636.236
1359,0.54,636.236
1360,0.54,636.236
1361,0.54,636.236
1362,0.54,636.236
1363,0.54,636.236
1364,0.54,636.236
1365,0.54,636.236
1366,0.54,636.236
1367,0.54,636.236
1368,0.54,636.236
1369,0.54,636.236
1370,0.54,636.236
1371,0.54,636.236
1372,0.54,636.236
1373,0.54,636.236
1374,0.54,636.236
1375,0.54,636.236
1376,0.54,636.236
1377,0.54,636.236
1378,0.54,636.236
1379,0.54,636.236
1380,0.54,636.236
1381,0.54,636.236
1382,0.54,636.236
1383,0.54,636.236
1384,0.54,636.236
1385,0.54,636.236
1386,0.54,636.236
1387,0.54,636.236
1388,0.54,636.236
1389,0.54,636.236
1390,0.54,636.236
1391,0.54,636.236
1392,0.54,636.236
1393,0.54,636.236
1394,0.54,636.236
1395,0.54,636.236
1396,0.54,636.236
1397,0.54,636.236
1398,0.54,636.236
1399,0.54,636.236
1400,0.54,636.236
1401,0.54,636.236
1402,0.54,636.236
1403,0.54,636.236
1404,0.54,636.236
1405,0.54,636.236
1406,0.54,636.236
1407,0.54,636.236
1408,0.54,636.236
1409,0.54,636.236
1410,0.54,636.236
1411,0.54,636.236
1412,0.54,636.236
1413,0.54,636.236
1414,0.54,636.236
1415,0.54,636.236
1416,0.54,636.236
1417,0.54,636.236
1418,0.54,636.236
1419,0.54,636.236
1420,0.54,636.236
1421,0.54,636.236
1422,0.54,636.236
1423,0.54,636.236
1424,0.54,636.236
1425,0.54,636.236
1426,0.54,636.236
1427,0.54,636.236
1428,0.54,636.236
1429,0.54,636.236
1430,0.54,636.236
1431,0.54,636.236
1432,0.54,636.236
1433,0.54,636.236
1434,0.54,636.236
1435,0.54,636.236
1436,0.54,636.236
1437,0.54,636.236
1438,0.54,636.236
1439,0.54,636.236
1440,0.54,636.236
1441,0.54,636.236
1442,0.54,636.236
1443,0.54,636.236
1444,0.54,636.236
1445,0.54,636.236
1446,0.54,636.236
1447,0.54,636.236
1448,0.54,636.236
1449,0.54,636.236
1450,0.54,636.236
1451,0.54,636.236
1452,0.54,636.236
1453,0.54,636.236
1454,0.54,636.236
1455,0.54,636.236
1456,0.54,636.236
1457,0.54,636.236
1458,0.54,636.236
1459,0.54,636.236
1460,0.54,636.236
1461,0.54,636.236
1462,0.54,636.236
1463,0.54,636.236
1464,0.54,636.236
1465,0.54,636.236
1466,0.54,636.236
1467,0.54,636.236
1468,0.54,636.236
1469,0.54,636.236
1470,0.54,636.236
1471,0.54,636.236
1472,0.540522,636.921
1473,0.54178,638.571
1474,0.543034,640.218
1475,0.544289,641.866
1476,0.545543,643.516
1477,0.546798,645.167
1478,0.548052,646.818
1479,0.549304,648.467
1480,0.550555,650.118
1481,0.551803,651.765
1482,0.553052,653.413
1483,0.5543,655.063
1484,0.555548,656.714
1485,0.556794,658.362
1486,0.558039,660.011
1487,0.559284,661.661
1488,0.560529,663.312
1489,0.561771,664.961
1490,0.563014,666.61
1491,0.564253,668.257
1492,0.565495,669.909
1493,0.566734,671.558
1494,0.56797,673.204
1495,0.569209,674.856
1496,0.570445,676.505
1497,0.571681,678.154
1498,0.572917,679.805
1499,0.57415,681.453
1500,0.575382,683.102
1501,0.576615,684.753
1502,0.577848,686.404
1503,0.579078,688.053
1504,0.580308,689.703
1505,0.581538,691.354
1506,0.582764,693.002
1507,0.583991,694.651
1508,0.585218,696.301
1509,0.586444,697.953
1510,0.587668,699.602
1511,0.588892,701.252
1512,0.590115,702.903
1513,0.591339,704.555
1514,0.592559,706.204
1515,0.59378,707.855
1516,0.595,709.506
1517,0.596218,711.155
1518,0.597438,712.809
1519,0.598653,714.456
1520,0.59987,716.109
1521,0.601087,717.762
1522,0.602302,719.413
1523,0.603516,721.064
1524,0.604727,722.713
1525,0.605942,724.367
1526,0.607153,726.019
1527,0.608364,727.671
1528,0.609572,729.321
1529,0.610784,730.975
1530,0.611992,732.627
1531,0.6132,734.28
1532,0.614405,735.93
1533,0.615613,737.586
1534,0.616818,739.238
1535,0.618023,740.892
1536,0.619225,742.543
1537,0.62043,744.199
1538,0.621632,745.852
1539,0.622834,747.506
1540,0.624033,749.158
1541,0.625232,750.81
1542,0.626431,752.464
1543,0.62763,754.119
1544,0.628829,755.775
1545,0.630024,757.428
1546,0.63122,759.082
1547,0.632416,760.738
1548,0.633612,762.395
1549,0.634804,764.049
1550,0.635997,765.704
1551,0.63719,767.36
1552,0.638383,769.017
1553,0.639572,770.672
1554,0.640762,772.328
1555,0.641951,773.984
1556,0.643141,775.643
1557,0.644328,777.298
1558,0.645514,778.954
1559,0.646701,780.611
1560,0.647887,782.27
1561,0.649071,783.926
1562,0.650254,785.583
1563,0.651441,787.245
1564,0.652621,788.9
1565,0.653804,790.561
1566,0.654985,792.218
1567,0.656165,793.877
1568,0.657345,795.537
1569,0.658523,797.194
1570,0.659703,798.857
1571,0.66088,800.516
1572,0.662057,802.177
1573,0.663232,803.834
1574,0.664409,805.497
1575,0.665583,807.157
1576,0.666757,808.819
1577,0.667931,810.481
1578,0.669102,812.141
1579,0.670277,813.806
1580,0.671445,815.463
1581,0.672616,817.126
1582,0.673787,818.791
1583,0.674955,820.452
1584,0.676123,822.114
1585,0.677291,823.778
1586,0.678459,825.443
1587,0.679627,827.11
1588,0.680792,828.773
1589,0.681956,830.437
1590,0.683121,832.103
1591,0.684283,833.765
1592,0.685448,835.433
1593,0.68661,837.098
1594,0.687772,838.765
1595,0.68893,840.428
1596,0.690092,842.097
1597,0.691251,843.762
1598,0.69241,845.429
1599,0.693568,847.097
1600,0.694724,848.762
1601,0.695883,850.433
1602,0.697038,852.1
1603,0.698194,853.769
1604,0.699349,855.439
1605,0.700502,857.106
1606,0.701658,858.778
1607,0.70281,860.448
1608,0.703963,862.118
1609,0.705112,863.786
1610,0.706265,865.459
1611,0.707414,867.129
1612,0.708564,868.8
1613,0.709713,870.473
1614,0.710862,872.146
1615,0.712009,873.817
1616,0.713155,875.489
1617,0.714302,877.162
1618,0.715448,878.836
1619,0.716594,880.512
1620,0.717738,882.184
1621,0.718881,883.858
1622,0.720024,885.533
1623,0.721167,887.209
1624,0.722311,888.886
1625,0.723451,890.561
1626,0.724591,892.236
1627,0.725731,893.913
1628,0.726871,895.591
1629,0.728008,897.266
1630,0.729149,898.947
1631,0.730286,900.624
1632,0.731423,902.303
1633,0.732557,903.978
1634,0.733694,905.659
1635,0.734828,907.337
1636,0.735962,909.016
1637,0.737096,910.697
1638,0.73823,912.379
1639,0.739364,914.062
1640,0.740495,915.742
1641,0.741626,917.423
1642,0.742756,919.105
1643,0.743887,920.789
1644,0.745015,922.469
1645,0.746146,924.155
1646,0.747274,925.838
1647,0.748402,927.523
1648,0.74953,929.208
1649,0.750654,930.89
1650,0.751782,932.578
1651,0.752907,934.263
1652,0.754032,935.949
1653,0.755156,937.637
1654,0.756278,939.321
1655,0.757403,941.011
1656,0.758524,942.697
1657,0.759646,944.385
1658,0.760768,946.074
1659,0.761889,947.765
1660,0.763008,949.452
1661,0.764126,951.14
1662,0.765248,952.835
1663,0.766363,954.521
1664,0.767482,956.214
1665,0.7686,957.907
1666,0.769716,959.597
1667,0.770831,961.289
1668,0.771947,962.982
1669,0.773062,964.676
1670,0.774178,966.372
1671,0.77529,968.064
1672,0.776402,969.757
1673,0.777515,971.452
1674,0.778627,973.148
1675,0.77974,974.845
1676,0.780849,976.539
1677,0.781961,978.239
1678,0.78307,979.936
1679,0.78418,981.633
1680,0.785289,983.333
1681,0.786395,985.028
1682,0.787504,986.73
1683,0.788611,988.428
1684,0.789717,990.128
1685,0.790823,991.829
1686,0.791929,993.531
1687,0.793032,995.23
1688,0.794138,996.935
1689,0.795242,998.636
1690,0.796345,1000.34
1691,0.797448,1002.04
1692,0.798548,1003.74
1693,0.799651,1005.45
1694,0.800751,1007.15
1695,0.801851,1008.86
1696,0.802951,1010.56
1697,0.804051,1012.27
1698,0.805148,1013.98
1699,0.806248,1015.69
1700,0.807345,1017.39
1701,0.808442,1019.1
1702,0.809539,1020.81
1703,0.810635,1022.52
1704,0.811729,1024.23
1705,0.812826,1025.94
1706,0.81392,1027.65
1707,0.815014,1029.36
1708,0.816108,1031.07
1709,0.817198,1032.78
1710,0.818292,1034.49
1711,0.819383,1036.21
1712,0.820477,1037.92
1713,0.821568,1039.64
1714,0.822655,1041.35
1715,0.823746,1043.06
1716,0.824837,1044.78
1717,0.825924,1046.5
1718,0.827012,1048.21
1719,0.8281,1049.93
1720,0.829187,1051.65
1721,0.830275,1053.37
1722,0.831359,1055.08
1723,0.832447,1056.8
1724,0.833532,1058.52
1725,0.834616,1060.24
1726,0.835701,1061.97
1727,0.836782,1063.68
1728,0.837867,1065.41
1729,0.838948,1067.13
1730,0.84003,1068.85
1731,0.841111,1070.57
1732,0.842193,1072.3
1733,0.843274,1074.02
1734,0.844356,1075.75
1735,0.845434,1077.47
1736,0.846512,1079.2
1737,0.847591,1080.93
1738,0.848669,1082.65
1739,0.849748,1084.38
1740,0.850826,1086.11
1741,0.851901,1087.84
1742,0.852976,1089.57
1743,0.854052,1091.3
1744,0.855127,1093.03
1745,0.856202,1094.76
1746,0.857278,1096.49
1747,0.85835,1098.22
1748,0.859425,1099.96
1749,0.860497,1101.69
1750,0.861569,1103.42
1751,0.862642,1105.16
1752,0.863711,1106.89
1753,0.864783,1108.63
1754,0.865852,1110.36
1755,0.866921,1112.1
1756,0.867993,1113.84
1757,0.869059,1115.57
1758,0.870129,1117.31
1759,0.871198,1119.05
1760,0.872264,1120.79
1761,0.873333,1122.53
1762,0.874399,1124.27
1763,0.875465,1126.01
1764,0.876531,1127.76
1765,0.877594,1129.5
1766,0.87866,1131.24
1767,0.879723,1132.98
1768,0.880789,1134.73
1769,0.881852,1136.48
1770,0.882915,1138.22
1771,0.883974,1139.96
1772,0.885037,1141.71
1773,0.886099,1143.46
1774,0.88716,1145.21
1775,0.88822,1146.95
1776,0.88928,1148.7
1777,0.89034,1150.45
1778,0.891399,1152.2
1779,0.892456,1153.95
1780,0.893516,1155.71
1781,0.894573,1157.46
1782,0.89563,1159.21
1783,0.896686,1160.96
1784,0.897743,1162.72
1785,0.8988,1164.47
1786,0.899853,1166.22
1787,0.90091,1167.98
1788,0.901964,1169.74
1789,0.903017,1171.49
1790,0.904071,1173.25
1791,0.905125,1175.01
1792,0.906178,1176.77
1793,0.907229,1178.52
1794,0.908283,1180.29
1795,0.909333,1182.05
1796,0.910384,1183.81
1797,0.911434,1185.57
1798,0.912485,1187.33
1799,0.913535,1189.1
1800,0.914583,1190.86
1801,0.915634,1192.62
1802,0.916681,1194.39
1803,0.917729,1196.15
1804,0.918776,1197.92
1805,0.919823,1199.69
1806,0.920871,1201.45
1807,0.921915,1203.22
1808,0.922963,1204.99
1809,0.924007,1206.76
1810,0.925052,1208.53
1811,0.926096,1210.3
1812,0.92714,1212.07
1813,0.928185,1213.84
1814,0.929226,1215.61
1815,0.93027,1217.39
1816,0.931312,1219.16
1817,0.932353,1220.93
1818,0.933394,1222.71
1819,0.934436,1224.49
1820,0.935477,1226.26
1821,0.936518,1228.04
1822,0.937556,1229.82
1823,0.938598,1231.6
1824,0.939636,1233.38
1825,0.940674,1235.16
1826,0.941712,1236.94
1827,0.942751,1238.72
1828,0.943786,1240.5
1829,0.944824,1242.28
1830,0.945859,1244.06
1831,0.946897,1245.85
1832,0.947932,1247.63
1833,0.948967,1249.42
1834,0.950003,1251.2
1835,0.951036,1252.99
1836,0.95207,1254.78
1837,0.953105,1256.57
1838,0.954137,1258.35
1839,0.955169,1260.14
1840,0.956201,1261.93
1841,0.957233,1263.72
1842,0.958265,1265.51
1843,0.959297,1267.3
1844,0.960326,1269.09
1845,0.961358,1270.89
1846,0.962387,1272.68
1847,0.963416,1274.48
1848,0.964445,1276.27
1849,0.965474,1278.07
1850,0.966503,1279.86
1851,0.967532,1281.66
1852,0.968557,1283.46
1853,0.969586,1285.26
1854,0.970612,1287.06
1855,0.971638,1288.86
1856,0.972664,1290.66
1857,0.97369,1292.46
1858,0.974716,1294.26
1859,0.975738,1296.06
1860,0.976764,1297.87
1861,0.977787,1299.67
1862,0.978813,1301.48
1863,0.979836,1303.28
1864,0.980858,1305.09
1865,0.981881,1306.9
1866,0.982901,1308.7
1867,0.983924,1310.51
1868,0.984945,1312.32
1869,0.985966,1314.13
1870,0.986986,1315.94
1871,0.988005,1317.75
1872,0.989025,1319.56
1873,0.990045,1321.38
1874,0.991064,1323.19
1875,0.992082,1325
1876,0.993101,1326.82
1877,0.994117,1328.63
1878,0.995137,1330.45
1879,0.996153,1332.27
1880,0.99717,1334.09
1881,0.998187,1335.91
1882,0.999202,1337.72
1883,1.00022,1339.54
1884,1.00123,1341.36
1885,1.00225,1343.18
1886,1.00326,1345
1887,1.00428,1346.83
1888,1.00529,1348.65
1889,1.0063,1350.48
1890,1.00731,1352.3
1891,1.00833,1354.13
1892,1.00934,1355.96
1893,1.01035,1357.78
1894,1.01136,1359.61
1895,1.01238,1361.44
1896,1.01339,1363.27
1897,1.0144,1365.1
1898,1.01541,1366.93
1899,1.01641,1368.76
1900,1.01742,1370.59
1901,1.01843,1372.42
1902,1.01944,1374.26
1903,1.02045,1376.09
1904,1.02146,1377.93
1905,1.02246,1379.76
1906,1.02347,1381.6
1907,1.02448,1383.44
1908,1.02548,1385.28
1909,1.02649,1387.11
1910,1.0275,1388.95
1911,1.0285,1390.8
1912,1.02951,1392.64
1913,1.03051,1394.48
1914,1.03151,1396.32
1915,1.03252,1398.16
1916,1.03352,1400.01
1917,1.03452,1401.85
1918,1.03553,1403.7
1919,1.03653,1405.54
1920,1.03753,1407.4
1921,1.03853,1409.24
1922,1.03954,1411.09
1923,1.04054,1412.94
1924,1.04154,1414.79
1925,1.04254,1416.64
1926,1.04354,1418.49
1927,1.04454,1420.35
1928,1.04554,1422.2
1929,1.04653,1424.05
1930,1.04753,1425.91
1931,1.04853,1427.76
1932,1.04953,1429.62
1933,1.05053,1431.48
1934,1.05152,1433.34
1935,1.05252,1435.19
1936,1.05352,1437.05
1937,1.05451,1438.91
1938,1.05551,1440.78
1939,1.05651,1442.64
1940,1.0575,1444.5
1941,1.0585,1446.37
1942,1.05949,1448.23
1943,1.06048,1450.09
1944,1.06148,1451.96
1945,1.06247,1453.83
1946,1.06346,1455.69
1947,1.06446,1457.56
1948,1.06545,1459.43
1949,1.06644,1461.3
1950,1.06743,1463.17
1951,1.06842,1465.04
1952,1.06942,1466.92
1953,1.07041,1468.79
1954,1.0714,1470.66
1955,1.07239,1472.54
1956,1.07338,1474.41
1957,1.07437,1476.29
1958,1.07535,1478.16
1959,1.07634,1480.04
1960,1.07733,1481.92
1961,1.07832,1483.8
1962,1.07931,1485.68
1963,1.08029,1487.56
1964,1.08128,1489.44
1965,1.08227,1491.33
1966,1.08325,1493.21
1967,1.08424,1495.09
1968,1.08523,1496.98
1969,1.08621,1498.86
1970,1.0872,1500.75
1971,1.08818,1502.64
1972,1.08917,1504.52
1973,1.09015,1506.42
1974,1.09113,1508.3
1975,1.09212,1510.2
1976,1.0931,1512.09
1977,1.09408,1513.98
1978,1.09507,1515.87
1979,1.09605,1517.77
1980,1.09703,1519.66
1981,1.09801,1521.55
1982,1.09899,1523.45
1983,1.09997,1525.35
1984,1.10096,1527.25
1985,1.10194,1529.15
1986,1.10292,1531.05
1987,1.1039,1532.95
1988,1.10487,1534.85
1989,1.10585,1536.75
1990,1.10683,1538.65
1991,1.10781,1540.56
1992,1.10879,1542.46
1993,1.10977,1544.37
1994,1.11075,1546.27
1995,1.11172,1548.18
1996,1.1127,1550.09
1997,1.11367,1551.99
1998,1.11465,1553.9
1999,1.11563,1555.82
2000,1.1166,1557.73
2001,1.11758,1559.64
2002,1.11855,1561.55
2003,1.11953,1563.47
2004,1.1205,1565.38
2005,1.12148,1567.3
2006,1.12245,1569.21
2007,1.12343,1571.13
2008,1.1244,1573.05
2009,1.12537,1574.96
2010,1.12634,1576.89
2011,1.12732,1578.81
2012,1.12829,1580.73
2013,1.12926,1582.65
2014,1.13023,1584.57
2015,1.1312,1586.5
2016,1.13217,1588.42
2017,1.13314,1590.35
2018,1.13411,1592.28
2019,1.13508,1594.2
2020,1.13605,1596.13
2021,1.13702,1598.06
2022,1.13799,1599.99
2023,1.13896,1601.92
2024,1.13993,1603.85
2025,1.1409,1605.78
2026,1.14186,1607.72
2027,1.14283,1609.65
2028,1.1438,1611.59
2029,1.14477,1613.52
2030,1.14573,1615.46
2031,1.1467,1617.4
2032,1.14767,1619.34
2033,1.14863,1621.27
2034,1.1496,1623.22
2035,1.15056,1625.16
2036,1.15153,1627.1
2037,1.15249,1629.04
2038,1.15346,1630.99
2039,1.15442,1632.93
2040,1.15538,1634.87
2041,1.15635,1636.82
2042,1.15731,1638.77
2043,1.15827,1640.72
2044,1.15924,1642.66
2045,1.1602,1644.62
2046,1.16116,1646.56
2047,1.16212,1648.51
2048,1.16308,1650.47
2049,1.16404,1652.42
2050,1.165,1654.37
2051,1.16597,1656.33
2052,1.16693,1658.29
2053,1.16789,1660.24
2054,1.16885,1662.2
2055,1.16981,1664.16
2056,1.17076,1666.12
2057,1.17172,1668.08
2058,1.17268,1670.04
2059,1.17364,1672
2060,1.1746,1673.96
2061,1.17556,1675.93
2062,1.17651,1677.89
2063,1.17747,1679.86
2064,1.17843,1681.82
2065,1.17938,1683.79
2066,1.18034,1685.76
2067,1.1813,1687.73
2068,1.18225,1689.7
2069,1.18321,1691.67
2070,1.18416,1693.65
2071,1.18512,1695.62
2072,1.18607,1697.59
2073,1.18703,1699.57
2074,1.18798,1701.54
2075,1.18894,1703.52
2076,1.18989,1705.49
2077,1.19084,1707.47
2078,1.1918,1709.45
2079,1.19275,1711.43
2080,1.1937,1713.41
2081,1.19466,1715.4
2082,1.19561,1717.38
2083,1.19656,1719.36
2084,1.19751,1721.35
2085,1.19846,1723.33
2086,1.19941,1725.31
2087,1.20036,1727.3
2088,1.20131,1729.29
2089,1.20226,1731.28
2090,1.20321,1733.27
2091,1.20416,1735.26
2092,1.20511,1737.25
2093,1.20606,1739.24
2094,1.20701,1741.24
2095,1.20796,1743.23
2096,1.20891,1745.23
2097,1.20985,1747.23
2098,1.2108,1749.22
2099,1.21175,1751.22
2100,1.2127,1753.22
2101,1.21364,1755.22
2102,1.21459,1757.22
2103,1.21554,1759.22
2104,1.21648,1761.22
2105,1.21743,1763.23
2106,1.21837,1765.23
2107,1.21932,1767.24
2108,1.22026,1769.24
2109,1.22121,1771.25
2110,1.22215,1773.26
2111,1.2231,1775.27
2112,1.22404,1777.28
2113,1.22499,1779.29
2114,1.22593,1781.3
2115,1.22687,1783.32
2116,1.22782,1785.33
2117,1.22876,1787.34
2118,1.2297,1789.36
2119,1.23064,1791.37
2120,1.23159,1793.39
2121,1.23253,1795.41
2122,1.23347,1797.43
2123,1.23441,1799.45
2124,1.23535,1801.47
2125,1.23629,1803.49
2126,1.23723,1805.51
2127,1.23817,1807.54
2128,1.23911,1809.57
2129,1.24005,1811.59
2130,1.24099,1813.62
2131,1.24193,1815.65
2132,1.24287,1817.68
2133,1.24381,1819.71
2134,1.24475,1821.73
2135,1.24568,1823.77
2136,1.24662,1825.8
2137,1.24756,1827.83
2138,1.2485,1829.87
2139,1.24944,1831.9
2140,1.25037,1833.94
2141,1.25131,1835.97
2142,1.25224,1838.01
2143,1.25318,1840.05
2144,1.25412,1842.09
2145,1.25505,1844.13
2146,1.25599,1846.18
2147,1.25692,1848.22
2148,1.25786,1850.26
2149,1.25879,1852.31
2150,1.25973,1854.35
2151,1.26066,1856.4
2152,1.2616,1858.45
2153,1.26253,1860.5
2154,1.26346,1862.55
2155,1.2644,1864.6
2156,1.26533,1866.65
2157,1.26626,1868.7
2158,1.2672,1870.76
2159,1.26813,1872.81
2160,1.26906,1874.86
2161,1.26999,1876.92
2162,1.27092,1878.98
2163,1.27186,1881.04
2164,1.27279,1883.1
2165,1.27372,1885.15
2166,1.27465,1887.22
2167,1.27558,1889.28
2168,1.27651,1891.34
2169,1.27744,1893.41
2170,1.27837,1895.47
2171,1.2793,1897.54
2172,1.28023,1899.6
2173,1.28116,1901.67
2174,1.28208,1903.74
2175,1.28301,1905.81
2176,1.28394,1907.88
2177,1.28487,1909.95
2178,1.2858,1912.03
2179,1.28672,1914.1
2180,1.28765,1916.17
2181,1.28858,1918.25
2182,1.28951,1920.33
2183,1.29043,1922.41
2184,1.29136,1924.49
2185,1.29229,1926.56
2186,1.29321,1928.64
2187,1.29414,1930.73
2188,1.29506,1932.81
2189,1.29599,1934.89
2190,1.29691,1936.98
2191,1.29784,1939.06
2192,1.29876,1941.15
2193,1.29969,1943.24
2194,1.30061,1945.32
2195,1.30153,1947.41
2196,1.30246,1949.51
2197,1.30338,1951.6
2198,1.3043,1953.69
2199,1.30523,1955.78
2200,1.30615,1957.88
2201,1.30707,1959.97
2202,1.308,1962.07
2203,1.30892,1964.16
2204,1.30984,1966.26
2205,1.31076,1968.36
2206,1.31168,1970.46
2207,1.3126,1972.56
2208,1.31352,1974.67
2209,1.31444,1976.77
2210,1.31537,1978.87
2211,1.31629,1980.98
2212,1.31721,1983.09
2213,1.31812,1985.19
2214,1.31905,1987.3
2215,1.31996,1989.41
2216,1.32088,1991.52
2217,1.3218,1993.63
2218,1.32272,1995.75
2219,1.32364,1997.86
2220,1.32456,1999.97
2221,1.32548,2002.09
2222,1.32639,2004.2
2223,1.32731,2006.32
2224,1.32823,2008.44
2225,1.32915,2010.56
2226,1.33006,2012.68
2227,1.33098,2014.8
2228,1.3319,2016.92
2229,1.33281,2019.05
2230,1.33373,2021.17
2231,1.33464,2023.3
2232,1.33556,2025.42
2233,1.33648,2027.55
2234,1.33739,2029.68
2235,1.3383,2031.81
2236,1.33922,2033.94
2237,1.34013,2036.07
2238,1.34105,2038.2
2239,1.34196,2040.33
2240,1.34288,2042.47
2241,1.34379,2044.6
2242,1.3447,2046.74
2243,1.34562,2048.88
2244,1.34653,2051.02
2245,1.34744,2053.16
2246,1.34836,2055.3
2247,1.34927,2057.44
2248,1.35018,2059.58
2249,1.35109,2061.73
2250,1.35201,2063.87
2251,1.35292,2066.02
2252,1.35383,2068.17
2253,1.35474,2070.31
2254,1.35565,2072.46
2255,1.35656,2074.61
2256,1.35747,2076.76
2257,1.35838,2078.91
2258,1.35929,2081.07
2259,1.3602,2083.22
2260,1.36111,2085.38
2261,1.36202,2087.53
2262,1.36293,2089.69
2263,1.36384,2091.84
2264,1.36475,2094.01
2265,1.36566,2096.17
2266,1.36656,2098.33
2267,1.36747,2100.49
2268,1.36838,2102.65
2269,1.36929,2104.82
2270,1.3702,2106.98
2271,1.3711,2109.15
2272,1.37201,2111.31
2273,1.37292,2113.48
2274,1.37382,2115.65
2275,1.37473,2117.82
2276,1.37564,2119.99
2277,1.37654,2122.17
2278,1.37745,2124.34
2279,1.37836,2126.52
2280,1.37926,2128.69
2281,1.38017,2130.87
2282,1.38107,2133.05
2283,1.38198,2135.22
2284,1.38288,2137.4
2285,1.38379,2139.58
2286,1.38469,2141.77
2287,1.38559,2143.95
2288,1.3865,2146.13
2289,1.3874,2148.32
2290,1.38831,2150.5
2291,1.38921,2152.69
2292,1.39011,2154.88
2293,1.39102,2157.07
2294,1.39192,2159.26
2295,1.39282,2161.45
2296,1.39372,2163.64
2297,1.39462,2165.84
2298,1.39553,2168.03
2299,1.39643,2170.23
2300,1.39733,2172.42
2301,1.39823,2174.62
2302,1.39913,2176.82
2303,1.40003,2179.02
2304,1.40093,2181.22
2305,1.40183,2183.42
2306,1.40274,2185.63
2307,1.40363,2187.83
2308,1.40453,2190.03
2309,1.40543,2192.24
2310,1.40634,2194.45
2311,1.40723,2196.66
2312,1.40813,2198.87
2313,1.40903,2201.08
2314,1.40993,2203.29
2315,1.41083,2205.5
2316,1.41173,2207.71
2317,1.41263,2209.93
2318,1.41352,2212.14
2319,1.41442,2214.36
2320,1.41532,2216.58
2321,1.41622,2218.8
2322,1.41711,2221.02
2323,1.41801,2223.24
2324,1.41891,2225.46
2325,1.4198,2227.68
2326,1.4207,2229.9
2327,1.4216,2232.13
2328,1.42249,2234.35
2329,1.42339,2236.58
2330,1.42428,2238.81
2331,1.42518,2241.04
2332,1.42608,2243.28
2333,1.42697,2245.51
2334,1.42787,2247.74
2335,1.42876,2249.97
2336,1.42965,2252.21
2337,1.43055,2254.45
2338,1.43144,2256.68
2339,1.43234,2258.92
2340,1.43323,2261.16
2341,1.43413,2263.4
2342,1.43502,2265.64
2343,1.43591,2267.88
2344,1.4368,2270.12
2345,1.4377,2272.37
2346,1.43859,2274.62
2347,1.43948,2276.86
2348,1.44038,2279.11
2349,1.44127,2281.36
2350,1.44216,2283.61
2351,1.44305,2285.86
2352,1.44394,2288.11
2353,1.44484,2290.37
2354,1.44573,2292.62
2355,1.44662,2294.88
2356,1.44751,2297.13
2357,1.4484,2299.39
2358,1.44929,2301.65
2359,1.45018,2303.91
2360,1.45107,2306.17
2361,1.45196,2308.43
2362,1.45285,2310.7
2363,1.45374,2312.96
2364,1.45463,2315.22
2365,1.45552,2317.49
2366,1.45641,2319.76
2367,1.4573,2322.03
2368,1.45818,2324.3
2369,1.45907,2326.57
2370,1.45996,2328.84
2371,1.46085,2331.11
2372,1.46174,2333.39
2373,1.46262,2335.66
2374,1.46351,2337.94
2375,1.4644,2340.22
2376,1.46529,2342.5
2377,1.46617,2344.77
2378,1.46706,2347.06
2379,1.46795,2349.34
2380,1.46883,2351.62
2381,1.46972,2353.91
2382,1.47061,2356.19
2383,1.47149,2358.47
2384,1.47238,2360.76
2385,1.47326,2363.05
2386,1.47415,2365.34
2387,1.47503,2367.63
2388,1.47592,2369.92
2389,1.47681,2372.22
2390,1.47769,2374.51
2391,1.47857,2376.8
2392,1.47946,2379.1
2393,1.48034,2381.4
2394,1.48123,2383.7
2395,1.48211,2386
2396,1.483,2388.3
2397,1.48388,2390.6
2398,1.48476,2392.9
2399,1.48564,2395.2
2400,1.48653,2397.51
2401,1.48741,2399.82
2402,1.48829,2402.12
2403,1.48918,2404.43
2404,1.49006,2406.74
2405,1.49094,2409.05
2406,1.49182,2411.36
2407,1.4927,2413.68
2408,1.49358,2415.99
2409,1.49447,2418.31
2410,1.49535,2420.62
2411,1.49623,2422.94
2412,1.49711,2425.26
2413,1.49799,2427.58
2414,1.49887,2429.9
2415,1.49975,2432.22
2416,1.50063,2434.54
2417,1.50151,2436.87
2418,1.50239,2439.19
2419,1.50327,2441.52
2420,1.50415,2443.85
2421,1.50503,2446.17
2422,1.50591,2448.5
2423,1.50679,2450.83
2424,1.50767,2453.17
2425,1.50855,2455.5
2426,1.50943,2457.84
2427,1.5103,2460.17
2428,1.51118,2462.5
2429,1.51206,2464.84
2430,1.51294,2467.18
2431,1.51382,2469.52
2432,1.51469,2471.86
2433,1.51557,2474.21
2434,1.51645,2476.55
2435,1.51733,2478.9
2436,1.5182,2481.24
2437,1.51908,2483.59
2438,1.51996,2485.93
2439,1.52083,2488.28
2440,1.52171,2490.63
2441,1.52258,2492.98
2442,1.52346,2495.34
2443,1.52434,2497.69
2444,1.52521,2500.04
2445,1.52609,2502.4
2446,1.52696,2504.76
2447,1.52784,2507.12
2448,1.52871,2509.47
2449,1.52959,2511.84
2450,1.53046,2514.2
2451,1.53134,2516.56
2452,1.53221,2518.93
2453,1.53308,2521.29
2454,1.53396,2523.65
2455,1.53483,2526.02
2456,1.53571,2528.39
2457,1.53658,2530.76
2458,1.53745,2533.13
2459,1.53833,2535.5
2460,1.5392,2537.88
2461,1.54007,2540.25
2462,1.54094,2542.62
2463,1.54182,2545.01
2464,1.54271,2547.45
2465,1.54361,2549.88
2466,1.5445,2552.32
2467,1.54539,2554.75
2468,1.54628,2557.19
2469,1.54718,2559.63
2470,1.54807,2562.08
2471,1.54896,2564.52
2472,1.54985,2566.96
2473,1.55074,2569.41
2474,1.55163,2571.85
2475,1.55253,2574.3
2476,1.55342,2576.75
2477,1.55431,2579.2
2478,1.5552,2581.65
2479,1.55609,2584.1
2480,1.55698,2586.55
2481,1.55787,2589.01
2482,1.55876,2591.47
2483,1.55965,2593.92
2484,1.56054,2596.38
2485,1.56143,2598.84
2486,1.56232,2601.3
2487,1.56321,2603.76
2488,1.5641,2606.23
2489,1.56499,2608.69
2490,1.56588,2611.16
2491,1.56677,2613.63
2492,1.56765,2616.09
2493,1.56854,2618.57
2494,1.56943,2621.03
2495,1.57032,2623.5
2496,1.57121,2625.98
2497,1.57209,2628.45
2498,1.57298,2630.92
2499,1.57387,2633.4
2500,1.57476,2635.88
2501,1.57564,2638.36
2502,1.57653,2640.84
2503,1.57742,2643.32
2504,1.5783,2645.81
2505,1.57919,2648.29
2506,1.58007,2650.77
2507,1.58096,2653.26
2508,1.58185,2655.75
2509,1.58273,2658.24
2510,1.58362,2660.72
2511,1.5845,2663.22
2512,1.58539,2665.71
2513,1.58627,2668.2
2514,1.58716,2670.69
2515,1.58804,2673.19
2516,1.58893,2675.69
2517,1.58981,2678.19
2518,1.59069,2680.69
2519,1.59158,2683.19
2520,1.59246,2685.69
2521,1.59335,2688.19
2522,1.59423,2690.7
2523,1.59511,2693.2
2524,1.596,2695.71
2525,1.59688,2698.22
2526,1.59776,2700.73
2527,1.59864,2703.24
2528,1.59953,2705.75
2529,1.60041,2708.27
2530,1.60129,2710.78
2531,1.60217,2713.3
2532,1.60306,2715.81
2533,1.60394,2718.33
2534,1.60482,2720.85
2535,1.6057,2723.37
2536,1.60658,2725.89
2537,1.60746,2728.41
2538,1.60834,2730.94
2539,1.60922,2733.46
2540,1.61011,2735.99
2541,1.61099,2738.52
2542,1.61187,2741.05
2543,1.61275,2743.58
2544,1.61363,2746.11
2545,1.61451,2748.64
2546,1.61539,2751.17
2547,1.61627,2753.71
2548,1.61715,2756.25
2549,1.61802,2758.79
2550,1.6189,2761.32
2551,1.61978,2763.87
2552,1.62066,2766.41
2553,1.62154,2768.95
2554,1.62242,2771.49
2555,1.6233,2774.04
2556,1.62417,2776.59
2557,1.62505,2779.14
2558,1.62593,2781.68
2559,1.62681,2784.23
2560,1.62769,2786.79
2561,1.62856,2789.34
2562,1.62944,2791.89
2563,1.63032,2794.45
2564,1.6312,2797
2565,1.63207,2799.56
2566,1.63295,2802.12
2567,1.63382,2804.68
2568,1.6347,2807.24
2569,1.63558,2809.8
2570,1.63645,2812.37
2571,1.63733,2814.93
2572,1.6382,2817.5
2573,1.63908,2820.07
2574,1.63996,2822.64
2575,1.64083,2825.21
2576,1.64171,2827.78
2577,1.64258,2830.35
2578,1.64346,2832.93
2579,1.64433,2835.5
2580,1.6452,2838.08
2581,1.64608,2840.66
2582,1.64695,2843.24
2583,1.64783,2845.81
2584,1.6487,2848.4
2585,1.64958,2850.98
2586,1.65045,2853.56
2587,1.65132,2856.15
2588,1.6522,2858.74
2589,1.65307,2861.32
2590,1.65394,2863.91
2591,1.65481,2866.5
2592,1.65569,2869.1
2593,1.65656,2871.69
2594,1.65743,2874.29
2595,1.6583,2876.88
2596,1.65918,2879.47
2597,1.66005,2882.07
2598,1.66092,2884.67
2599,1.66179,2887.28
2600,1.66266,2889.88
2601,1.66354,2892.48
2602,1.66441,2895.08
2603,1.66528,2897.69
2604,1.66615,2900.29
2605,1.66702,2902.9
2606,1.66789,2905.51
2607,1.66876,2908.12
2608,1.66963,2910.73
2609,1.6705,2913.35
2610,1.67137,2915.97
2611,1.67224,2918.58
2612,1.67311,2921.2
2613,1.67398,2923.81
2614,1.67485,2926.43
2615,1.67572,2929.06
2616,1.67659,2931.67
2617,1.67746,2934.3
2618,1.67833,2936.93
2619,1.6792,2939.55
2620,1.68006,2942.18
2621,1.68093,2944.81
2622,1.6818,2947.44
2623,1.68267,2950.07
2624,1.68354,2952.7
2625,1.6844,2955.34
2626,1.68527,2957.97
2627,1.68614,2960.61
2628,1.68701,2963.24
2629,1.68787,2965.88
2630,1.68874,2968.53
2631,1.68961,2971.16
2632,1.69048,2973.81
2633,1.69134,2976.45
2634,1.69221,2979.1
2635,1.69308,2981.74
2636,1.69394,2984.39
2637,1.69481,2987.04
2638,1.69567,2989.69
2639,1.69654,2992.34
2640,1.69741,2995
2641,1.69827,2997.65
2642,1.69914,3000.3
2643,1.7,3002.96
2644,1.70087,3005.62
2645,1.70173,3008.28
2646,1.7026,3010.94
2647,1.70346,3013.6
2648,1.70433,3016.27
2649,1.70519,3018.93
2650,1.70606,3021.59
2651,1.70692,3024.26
2652,1.70778,3026.93
2653,1.70865,3029.6
2654,1.70951,3032.27
2655,1.71038,3034.95
2656,1.71124,3037.62
2657,1.7121,3040.29
2658,1.71297,3042.97
2659,1.71383,3045.65
2660,1.71469,3048.33
2661,1.71556,3051.01
2662,1.71642,3053.69
2663,1.71728,3056.37
2664,1.71814,3059.05
2665,1.71901,3061.74
2666,1.71987,3064.43
2667,1.72073,3067.11
2668,1.72159,3069.8
2669,1.72245,3072.5
2670,1.72332,3075.19
2671,1.72418,3077.88
2672,1.72504,3080.58
2673,1.7259,3083.27
2674,1.72676,3085.97
2675,1.72762,3088.67
2676,1.72848,3091.37
2677,1.72934,3094.07
2678,1.73021,3096.77
2679,1.73107,3099.48
2680,1.73192,3102.18
2681,1.73279,3104.89
2682,1.73365,3107.59
2683,1.7345,3110.3
2684,1.73537,3113.01
2685,1.73623,3115.73
2686,1.73708,3118.44
2687,1.73794,3121.15
2688,1.7388,3123.87
2689,1.73966,3126.58
2690,1.74052,3129.3
2691,1.74138,3132.02
2692,1.74224,3134.74
2693,1.7431,3137.47
2694,1.74396,3140.19
2695,1.74481,3142.91
2696,1.74567,3145.64
2697,1.74653,3148.37
2698,1.74739,3151.1
2699,1.74825,3153.83
2700,1.7491,3156.56
2701,1.74996,3159.29
2702,1.75082,3162.03
2703,1.75168,3164.76
2704,1.75253,3167.5
2705,1.75339,3170.23
2706,1.75425,3172.97
2707,1.75511,3175.72
2708,1.75596,3178.46
2709,1.75682,3181.2
2710,1.75767,3183.95
2711,1.75853,3186.69
2712,1.75939,3189.44
2713,1.76024,3192.19
2714,1.7611,3194.94
2715,1.76195,3197.69
2716,1.76281,3200.44
2717,1.76366,3203.19
2718,1.76452,3205.95
2719,1.76538,3208.71
2720,1.76623,3211.46
2721,1.76709,3214.23
2722,1.76794,3216.99
2723,1.76879,3219.75
2724,1.76965,3222.51
2725,1.77051,3225.28
2726,1.77136,3228.04
2727,1.77221,3230.81
2728,1.77307,3233.58
2729,1.77392,3236.35
2730,1.77478,3239.12
2731,1.77563,3241.89
2732,1.77648,3244.66
2733,1.77734,3247.44
2734,1.77819,3250.22
2735,1.77904,3253
2736,1.7799,3255.78
2737,1.78075,3258.56
2738,1.7816,3261.34
2739,1.78245,3264.12
2740,1.78331,3266.91
2741,1.78416,3269.69
2742,1.78501,3272.48
2743,1.78586,3275.27
2744,1.78671,3278.06
2745,1.78757,3280.85
2746,1.78842,3283.64
2747,1.78927,3286.43
2748,1.79012,3289.23
2749,1.79097,3292.03
2750,1.79183,3294.83
2751,1.79268,3297.62
2752,1.79353,3300.43
2753,1.79438,3303.23
2754,1.79523,3306.03
2755,1.79608,3308.84
2756,1.79693,3311.64
2757,1.79778,3314.45
2758,1.79863,3317.26
2759,1.79948,3320.07
2760,1.80033,3322.88
2761,1.80118,3325.7
2762,1.80203,3328.51
2763,1.80288,3331.33
2764,1.80373,3334.14
2765,1.80458,3336.96
2766,1.80543,3339.78
2767,1.80628,3342.6
2768,1.80713,3345.43
2769,1.80798,3348.25
2770,1.80883,3351.08
2771,1.80967,3353.9
2772,1.81052,3356.73
2773,1.81137,3359.56
2774,1.81222,3362.39
2775,1.81307,3365.22
2776,1.81392,3368.06
2777,1.81476,3370.89
2778,1.81561,3373.72
2779,1.81646,3376.56
2780,1.81731,3379.4
2781,1.81815,3382.24
2782,1.819,3385.08
2783,1.81985,3387.93
2784,1.8207,3390.77
2785,1.82154,3393.62
2786,1.82239,3396.46
2787,1.82324,3399.31
2788,1.82409,3402.16
2789,1.82493,3405.01
2790,1.82578,3407.86
2791,1.82662,3410.72
2792,1.82747,3413.57
2793,1.82832,3416.43
2794,1.82916,3419.29
2795,1.83001,3422.15
2796,1.83085,3425.01
2797,1.8317,3427.87
2798,1.83255,3430.73
2799,1.83339,3433.6
2800,1.83424,3436.47
2801,1.83508,3439.33
2802,1.83593,3442.21
2803,1.83677,3445.07
2804,1.83762,3447.94
2805,1.83846,3450.82
2806,1.83931,3453.69
2807,1.84015,3456.57
2808,1.841,3459.45
2809,1.84184,3462.32
2810,1.84268,3465.21
2811,1.84353,3468.09
2812,1.84437,3470.97
2813,1.84522,3473.86
2814,1.84606,3476.74
2815,1.8469,3479.63
2816,1.84775,3482.52
2817,1.84859,3485.4
2818,1.84943,3488.29
2819,1.85028,3491.19
2820,1.85112,3494.08
2821,1.85196,3496.97
2822,1.8528,3499.87
2823,1.85365,3502.77
2824,1.85449,3505.67
2825,1.85533,3508.57
2826,1.85617,3511.47
2827,1.85702,3514.38
2828,1.85786,3517.28
2829,1.8587,3520.19
2830,1.85954,3523.09
2831,1.86038,3526
2832,1.86122,3528.91
2833,1.86207,3531.82
2834,1.86291,3534.74
2835,1.86375,3537.65
2836,1.86459,3540.57
2837,1.86543,3543.49
2838,1.86627,3546.41
2839,1.86711,3549.33
2840,1.86795,3552.25
2841,1.8688,3555.17
2842,1.86964,3558.09
2843,1.87048,3561.02
2844,1.87132,3563.95
2845,1.87216,3566.88
2846,1.873,3569.81
2847,1.87384,3572.74
2848,1.87468,3575.67
2849,1.87552,3578.6
2850,1.87636,3581.54
2851,1.87719,3584.48
2852,1.87803,3587.41
2853,1.87887,3590.36
2854,1.87971,3593.3
2855,1.88055,3596.24
2856,1.88139,3599.18
2857,1.88223,3602.13
2858,1.88307,3605.08
2859,1.88391,3608.02
2860,1.88475,3610.97
2861,1.88558,3613.92
2862,1.88642,3616.88
2863,1.88726,3619.83
2864,1.8881,3622.79
2865,1.88894,3625.74
2866,1.88977,3628.7
2867,1.89061,3631.66
2868,1.89145,3634.62
2869,1.89229,3637.58
2870,1.89312,3640.55
2871,1.89396,3643.51
2872,1.8948,3646.48
2873,1.89564,3649.45
2874,1.89647,3652.41
2875,1.89731,3655.38
2876,1.89815,3658.36
2877,1.89898,3661.33
2878,1.89982,3664.31
2879,1.90066,3667.28
2880,1.90149,3670.26
2881,1.90233,3673.24
2882,1.90317,3676.22
2883,1.904,3679.2
2884,1.90484,3682.18
2885,1.90567,3685.17
2886,1.90651,3688.15
2887,1.90734,3691.14
2888,1.90818,3694.13
2889,1.90901,3697.12
2890,1.90985,3700.11
2891,1.91068,3703.1
2892,1.91152,3706.1
2893,1.91236,3709.1
2894,1.91319,3712.1
2895,1.91403,3715.09
2896,1.91486,3718.09
2897,1.91569,3721.09
2898,1.91653,3724.1
2899,1.91736,3727.1
2900,1.9182,3730.11
2901,1.91903,3733.12
2902,1.91986,3736.13
2903,1.9207,3739.14
2904,1.92153,3742.15
2905,1.92237,3745.16
2906,1.9232,3748.18
2907,1.92403,3751.19
2908,1.92487,3754.21
2909,1.9257,3757.23
2910,1.92653,3760.25
2911,1.92737,3763.27
2912,1.9282,3766.3
2913,1.92903,3769.32
2914,1.92987,3772.35
2915,1.9307,3775.37
2916,1.93153,3778.4
2917,1.93236,3781.43
2918,1.93319,3784.46
2919,1.93403,3787.5
2920,1.93486,3790.53
2921,1.93569,3793.57
2922,1.93652,3796.6
2923,1.93736,3799.65
2924,1.93819,3802.68
2925,1.93902,3805.73
2926,1.93985,3808.77
2927,1.94068,3811.82
2928,1.94151,3814.86
2929,1.94234,3817.91
2930,1.94318,3820.96
2931,1.94401,3824.01
2932,1.94484,3827.06
2933,1.94567,3830.11
2934,1.9465,3833.17
2935,1.94733,3836.22
2936,1.94816,3839.28
2937,1.94899,3842.34
2938,1.94982,3845.4
2939,1.95065,3848.46
2940,1.95148,3851.53
2941,1.95231,3854.59
2942,1.95314,3857.66
2943,1.95397,3860.72
2944,1.9548,3863.79
2945,1.95563,3866.86
2946,1.95646,3869.94
2947,1.95729,3873.01
2948,1.95812,3876.09
2949,1.95895,3879.16
2950,1.95978,3882.24
2951,1.9606,3885.32
2952,1.96143,3888.4
2953,1.96226,3891.48
2954,1.96309,3894.57
2955,1.96392,3897.65
2956,1.96475,3900.74
2957,1.96558,3903.82
2958,1.96641,3906.92
2959,1.96723,3910.01
2960,1.96806,3913.1
2961,1.96889,3916.19
2962,1.96972,3919.29
2963,1.97054,3922.38
2964,1.97137,3925.48
2965,1.9722,3928.58
2966,1.97303,3931.68
2967,1.97385,3934.79
2968,1.97468,3937.89
2969,1.97551,3940.99
2970,1.97634,3944.1
2971,1.97716,3947.21
2972,1.97799,3950.32
2973,1.97882,3953.43
2974,1.97964,3956.55
2975,1.98047,3959.66
2976,1.9813,3962.78
2977,1.98212,3965.89
2978,1.98295,3969.01
2979,1.98378,3972.13
2980,1.9846,3975.25
2981,1.98543,3978.37
2982,1.98625,3981.5
2983,1.98708,3984.63
2984,1.9879,3987.75
2985,1.98873,3990.88
2986,1.98956,3994.01
2987,1.99038,3997.14
2988,1.99121,4000.27
2989,1.99203,4003.41
2990,1.99286,4006.55
2991,1.99368,4009.69
2992,1.99451,4012.83
2993,1.99533,4015.97
2994,1.99616,4019.1
2995,1.99698,4022.25
2996,1.99781,4025.39
2997,1.99863,4028.54
2998,1.99945,4031.69
2999,2.00028,4034.84
3000,2.0011,4037.99
3001,2.00193,4041.14
3002,2.00275,4044.3
3003,2.00358,4047.45
3004,2.0044,4050.6
3005,2.00522,4053.77
3006,2.00605,4056.92
3007,2.00687,4060.09
3008,2.00769,4063.24
3009,2.00852,4066.41
3010,2.00934,4069.58
3011,2.01016,4072.74
3012,2.01099,4075.91
3013,2.01181,4079.08
3014,2.01263,4082.25
3015,2.01346,4085.43
3016,2.01428,4088.6
3017,2.0151,4091.78
3018,2.01592,4094.96
3019,2.01674,4098.13
3020,2.01757,4101.32
3021,2.01839,4104.5
3022,2.01921,4107.68
3023,2.02003,4110.86
3024,2.02086,4114.05
3025,2.02168,4117.24
3026,2.0225,4120.43
3027,2.02332,4123.62
3028,2.02414,4126.81
3029,2.02496,4130
3030,2.02579,4133.2
3031,2.02661,4136.39
3032,2.02743,4139.6
3033,2.02825,4142.79
3034,2.02907,4146
3035,2.02989,4149.2
3036,2.03071,4152.4
3037,2.03153,4155.61
3038,2.03235,4158.82
3039,2.03317,4162.02
3040,2.03399,4165.23
3041,2.03481,4168.45
3042,2.03563,4171.66
3043,2.03645,4174.87
3044,2.03728,4178.09
3045,2.03809,4181.3
3046,2.03891,4184.52
3047,2.03973,4187.75
3048,2.04055,4190.97
3049,2.04137,4194.19
3050,2.04219,4197.41
3051,2.04301,4200.64
3052,2.04383,4203.87
3053,2.04465,4207.1
3054,2.04547,4210.33
3055,2.04629,4213.57
3056,2.04711,4216.8
3057,2.04793,4220.03
3058,2.04875,4223.27
3059,2.04957,4226.51
3060,2.05038,4229.75
3061,2.0512,4232.99
3062,2.05202,4236.23
3063,2.05284,4239.48
3064,2.05366,4242.73
3065,2.05448,4245.97
3066,2.05529,4249.22
3067,2.05611,4252.47
3068,2.05693,4255.73
3069,2.05775,4258.98
3070,2.05856,4262.23
3071,2.05938,4265.48
3072,2.0602,4268.75
3073,2.06102,4272.01
3074,2.06184,4275.27
3075,2.06265,4278.53
3076,2.06347,4281.79
3077,2.06429,4285.06
3078,2.0651,4288.32
3079,2.06592,4291.59
3080,2.06674,4294.86
3081,2.06755,4298.14
3082,2.06837,4301.41
3083,2.06919,4304.68
3084,2.07,4307.96
3085,2.07082,4311.24
3086,2.07164,4314.51
3087,2.07245,4317.8
3088,2.07327,4321.08
3089,2.07409,4324.36
3090,2.0749,4327.65
3091,2.07572,4330.93
3092,2.07653,4334.22
3093,2.07735,4337.51
3094,2.07816,4340.8
3095,2.07898,4344.1
3096,2.0798,4347.39
3097,2.08061,4350.69
3098,2.08143,4353.98
3099,2.08224,4357.28
3100,2.08306,4360.58
3101,2.08387,4363.88
3102,2.08469,4367.19
3103,2.0855,4370.49
3104,2.08632,4373.8
3105,2.08713,4377.11
3106,2.08794,4380.42
3107,2.08876,4383.73
3108,2.08957,4387.04
3109,2.09039,4390.35
3110,2.0912,4393.67
3111,2.09202,4396.98
3112,2.09283,4400.3
3113,2.09364,4403.62
3114,2.09446,4406.95
3115,2.09527,4410.27
3116,2.09609,4413.59
3117,2.0969,4416.92
3118,2.09771,4420.25
3119,2.09853,4423.58
3120,2.09934,4426.91
3121,2.10015,4430.24
3122,2.10097,4433.58
3123,2.10178,4436.91
3124,2.10259,4440.25
3125,2.10341,4443.58
3126,2.10422,4446.93
3127,2.10503,4450.27
3128,2.10584,4453.61
3129,2.10666,4456.96
3130,2.10747,4460.3
3131,2.10828,4463.65
3132,2.10909,4467
3133,2.10991,4470.35
3134,2.11072,4473.7
3135,2.11153,4477.06
3136,2.11234,4480.41
3137,2.11316,4483.77
3138,2.11397,4487.12
3139,2.11478,4490.49
3140,2.11559,4493.85
3141,2.1164,4497.21
3142,2.11721,4500.58
3143,2.11803,4503.94
3144,2.11884,4507.31
3145,2.11965,4510.68
3146,2.12046,4514.05
3147,2.12127,4517.42
3148,2.12208,4520.79
3149,2.12289,4524.17
3150,2.1237,4527.55
3151,2.12451,4530.92
3152,2.12533,4534.31
3153,2.12613,4537.68
3154,2.12695,4541.07
3155,2.12776,4544.46
3156,2.12857,4547.84
3157,2.12938,4551.23
3158,2.13019,4554.62
3159,2.131,4558.01
3160,2.13181,4561.4
3161,2.13262,4564.79
3162,2.13343,4568.19
3163,2.13424,4571.58
3164,2.13505,4574.99
3165,2.13586,4578.39
3166,2.13667,4581.79
3167,2.13748,4585.19
3168,2.13829,4588.6
3169,2.13909,4592
3170,2.1399,4595.41
3171,2.14071,4598.82
3172,2.14152,4602.23
3173,2.14233,4605.64
3174,2.14314,4609.05
3175,2.14395,4612.47
3176,2.14476,4615.89
3177,2.14557,4619.31
3178,2.14638,4622.73
3179,2.14718,4626.15
3180,2.14799,4629.57
3181,2.1488,4633
3182,2.14961,4636.42
3183,2.15042,4639.85
3184,2.15122,4643.28
3185,2.15203,4646.71
3186,2.15284,4650.14
3187,2.15365,4653.58
3188,2.15446,4657.01
3189,2.15526,4660.45
3190,2.15607,4663.89
3191,2.15688,4667.33
3192,2.15769,4670.77
3193,2.1585,4674.22
3194,2.1593,4677.66
3195,1.8,3321.79
3196,1.8,3321.79
3197,1.8,3321.79
3198,1.8,3321.79
3199,1.8,3321.79
3200,1.8,3321.79
3201,1.8,3321.79
3202,1.8,3321.79
3203,1.8,3321.79
3204,1.8,3321.79
3205,1.8,3321.79
3206,1.8,3321.79
3207,1.8,3321.79
3208,1.8,3321.79
3209,1.8,3321.79
3210,1.8,3321.79
3211,1.8,3321.79
3212,1.8,3321.79
3213,1.8,3321.79
3214,1.8,3321.79
3215,1.8,3321.79
3216,1.8,3321.79
3217,1.8,3321.79
3218,1.8,3321.79
3219,1.8,3321.79
3220,1.8,3321.79
3221,1.8,3321.79
3222,1.8,3321.79
3223,1.8,3321.79
3224,1.8,3321.79
3225,1.8,3321.79
3226,1.8,3321.79
3227,1.8,3321.79
3228,1.8,3321.79
3229,1.8,3321.79
3230,1.8,3321.79
3231,1.8,3321.79
3232,1.8,3321.79
3233,1.8,3321.79
3234,1.8,3321.79
3235,1.8,3321.79
3236,1.8,3321.79
3237,1.8,3321.79
3238,1.8,3321.79
3239,1.8,3321.79
3240,1.8,3321.79
3241,1.8,3321.79
3242,1.8,3321.79
3243,1.8,3321.79
3244,1.8,3321.79
3245,1.8,3321.79
3246,1.8,3321.79
3247,1.8,3321.79
3248,1.8,3321.79
3249,1.8,3321.79
3250,1.8,3321.79
3251,1.8,3321.79
3252,1.8,3321.79
3253,1.8,3321.79
3254,1.8,3321.79
3255,1.8,3321.79
3256,1.8,3321.79
3257,1.8,3321.79
3258,1.8,3321.79
3259,1.8,3321.79
3260,1.8,3321.79
3261,1.8,3321.79
3262,1.8,3321.79
3263,1.8,3321.79
3264,1.8,3321.79
3265,1.8,3321.79
3266,1.8,3321.79
3267,1.8,3321.79
3268,1.8,3321.79
3269,1.8,3321.79
3270,1.8,3321.79
3271,1.8,3321.79
3272,1.8,3321.79
3273,1.8,3321.79
3274,1.8,3321.79
3275,1.8,3321.79
3276,1.8,3321.79
3277,1.8,3321.79
3278,1.8,3321.79
3279,1.8,3321.79
3280,1.8,3321.79
3281,1.8,3321.79
3282,1.8,3321.79
3283,1.8,3321.79
3284,1.8,3321.79
3285,1.8,3321.79
3286,1.8,3321.79
3287,1.8,3321.79
3288,1.8,3321.79
3289,1.8,3321.79
3290,1.8,3321.79
3291,1.8,3321.79
3292,1.8,3321.79
3293,1.8,3321.79
3294,1.8,3321.79
3295,1.8,3321.79
3296,1.8,3321.79
3297,1.8,3321.79
3298,1.8,3321.79
3299,1.8,3321.79
3300,1.8,3321.79
3301,1.8,3321.79
3302,1.8,3321.79
3303,1.8,3321.79
3304,1.8,3321.79
3305,1.8,3321.79
3306,1.8,3321.79
3307,1.8,3321.79
3308,1.8,3321.79
3309,1.8,3321.79
3310,1.8,3321.79
3311,1.8,3321.79
3312,1.8,3321.79
3313,1.8,3321.79
3314,1.8,3321.79
3315,1.8,3321.79
3316,1.8,3321.79
3317,1.8,3321.79
3318,1.8,3321.79
3319,1.8,3321.79
3320,1.8,3321.79
3321,1.8,3321.79
3322,1.8,3321.79
3323,1.8,3321.79
3324,1.8,3321.79
3325,1.8,3321.79
3326,1.8,3321.79
3327,1.8,3321.79
3328,1.8,3321.79
3329,1.8,3321.79
3330,1.8,3321.79
3331,1.8,3321.79
3332,1.8,3321.79
3333,1.8,3321.79
3334,1.8,3321.79
3335,1.8,3321.79
3336,1.8,3321.79
3337,1.8,3321.79
3338,1.8,3321.79
3339,1.8,3321.79
3340,1.8,3321.79
3341,1.8,3321.79
3342,1.8,3321.79
3343,1.8,3321.79
3344,1.8,3321.79
3345,1.8,3321.79
3346,1.8,3321.79
3347,1.8,3321.79
3348,1.8,3321.79
3349,1.8,3321.79
3350,1.8,3321.79
3351,1.8,3321.79
3352,1.8,3321.79
3353,1.8,3321.79
3354,1.8,3321.79
3355,1.8,3321.79
3356,1.8,3321.79
3357,1.8,3321.79
3358,1.8,3321.79
3359,1.8,3321.79
3360,1.8,3321.79
3361,1.8,3321.79
3362,1.8,3321.79
3363,1.8,3321.79
3364,1.8,3321.79
3365,1.8,3321.79
3366,1.8,3321.79
3367,1.8,3321.79
3368,1.8,3321.79
3369,1.8,3321.79
3370,1.8,3321.79
3371,1.8,3321.79
3372,1.8,3321.79
3373,1.8,3321.79
3374,1.8,3321.79
3375,1.8,3321.79
3376,1.8,3321.79
3377,1.8,3321.79
3378,1.8,3321.79
3379,1.8,3321.79
3380,1.8,3321.79
3381,1.8,3321.79
3382,1.8,3321.79
3383,1.8,3321.79
3384,1.8,3321.79
3385,1.8,3321.79
3386,1.8,3321.79
3387,1.8,3321.79
3388,1.8,3321.79
3389,1.8,3321.79
3390,1.8,3321.79
3391,1.8,3321.79
3392,1.8,3321.79
3393,1.8,3321.79
3394,1.8,3321.79
3395,1.8,3321.79
3396,1.8,3321.79
3397,1.8,3321.79
3398,1.8,3321.79
3399,1.8,3321.79
3400,1.8,3321.79
3401,1.8,3321.79
3402,1.8,3321.79
3403,1.8,3321.79
3404,1.8,3321.79
3405,1.8,3321.79
3406,1.8,3321.79
3407,1.8,3321.79
3408,1.8,3321.79
3409,1.8,3321.79
3410,1.8,3321.79
3411,1.8,3321.79
3412,1.8,3321.79
3413,1.8,3321.79
3414,1.8,3321.79
3415,1.8,3321.79
3416,1.8,3321.79
3417,1.8,3321.79
3418,1.8,3321.79
3419,1.8,3321.79
3420,1.8,3321.79
3421,1.8,3321.79
3422,1.8,3321.79
3423,1.8,3321.79
3424,1.8,3321.79
3425,1.8,3321.79
3426,1.8,3321.79
3427,1.8,3321.79
3428,1.8,3321.79
3429,1.8,3321.79
3430,1.8,3321.79
3431,1.8,3321.79
3432,1.8,3321.79
3433,1.8,3321.79
3434,1.8,3321.79
3435,1.8,3321.79
3436,1.8,3321.79
3437,1.8,3321.79
3438,1.8,3321.79
3439,1.8,3321.79
3440,1.8,3321.79
3441,1.8,3321.79
3442,1.8,3321.79
3443,1.8,3321.79
3444,1.8,3321.79
3445,1.8,3321.79
3446,1.8,3321.79
3447,1.8,3321.79
3448,1.8,3321.79
3449,1.8,3321.79
3450,1.8,3321.79
3451,1.8,3321.79
3452,1.8,3321.79
3453,1.8,3321.79
3454,1.8,3321.79
3455,1.8,3321.79
3456,1.8,3321.79
3457,1.8,3321.79
3458,1.8,3321.79
3459,1.8,3321.79
3460,1.8,3321.79
3461,1.8,3321.79
3462,1.8,3321.79
3463,1.8,3321.79
3464,1.8,3321.79
3465,1.8,3321.79
3466,1.8,3321.79
3467,1.8,3321.79
3468,1.8,3321.79
3469,1.8,3321.79
3470,1.8,3321.79
3471,1.8,3321.79
3472,1.8,3321.79
3473,1.8,3321.79
3474,1.8,3321.79
3475,1.8,3321.79
3476,1.8,3321.79
3477,1.8,3321.79
3478,1.8,3321.79
3479,1.8,3321.79
3480,1.8,3321.79
3481,1.8,3321.79
3482,1.8,3321.79
3483,1.8,3321.79
3484,1.8,3321.79
3485,1.8,3321.79
3486,1.8,3321.79
3487,1.8,3321.79
3488,1.8,3321.79
3489,1.8,3321.79
3490,1.8,3321.79
3491,1.8,3321.79
3492,1.8,3321.79
3493,1.8,3321.79
3494,1.8,3321.79
3495,1.8,3321.79
3496,1.8,3321.79
3497,1.8,3321.79
3498,1.8,3321.79
3499,1.8,3321.79
3500,1.8,3321.79
3501,1.8,3321.79
3502,1.8,3321.79
3503,1.8,3321.79
3504,1.8,3321.79
3505,1.8,3321.79
3506,1.8,3321.79
3507,1.8,3321.79
3508,1.8,3321.79
3509,1.8,3321.79
3510,1.8,3321.79
3511,1.8,3321.79
3512,1.8,3321.79
3513,1.8,3321.79
3514,1.8,3321.79
3515,1.8,3321.79
3516,1.8,3321.79
3517,1.8,3321.79
3518,1.8,3321.79
3519,1.8,3321.79
3520,1.8,3321.79
3521,1.8,3321.79
3522,1.8,3321.79
3523,1.8,3321.79
3524,1.8,3321.79
3525,1.8,3321.79
3526,1.8,3321.79
3527,1.8,3321.79
3528,1.8,3321.79
3529,1.8,3321.79
3530,1.8,3321.79
3531,1.8,3321.79
3532,1.8,3321.79
3533,1.8,3321.79
3534,1.8,3321.79
3535,1.8,3321.79
3536,1.8,3321.79
3537,1.8,3321.79
3538,1.8,3321.79
3539,1.8,3321.79
3540,1.8,3321.79
3541,1.8,3321.79
3542,1.8,3321.79
3543,1.8,3321.79
3544,1.8,3321.79
3545,1.8,3321.79
3546,1.8,3321.79
3547,1.8,3321.79
3548,1.8,3321.79
3549,1.8,3321.79
3550,1.8,3321.79
3551,1.8,3321.79
3552,1.8,3321.79
3553,1.8,3321.79
3554,1.8,3321.79
3555,1.8,3321.79
3556,1.8,3321.79
3557,1.8,3321.79
3558,1.8,3321.79
3559,1.8,3321.79
3560,1.8,3321.79
3561,1.8,3321.79
3562,1.8,3321.79
3563,1.8,3321.79
3564,1.8,3321.79
3565,1.8,3321.79
3566,1.8,3321.79
3567,1.8,3321.79
3568,1.8,3321.79
3569,1.8,3321.79
3570,1.8,3321.79
3571,1.8,3321.79
3572,1.8,3321.79
3573,1.8,3321.79
3574,1.8,3321.79
3575,1.8,3321.79
3576,1.8,3321.79
3577,1.8,3321.79
3578,1.8,3321.79
3579,1.8,3321.79
3580,1.8,3321.79
3581,1.8,3321.79
3582,1.8,3321.79
3583,1.8,3321.79
3584,1.8,3321.79
3585,1.8,3321.79
3586,1.8,3321.79
3587,1.8,3321.79
3588,1.8,3321.79
3589,1.8,3321.79
3590,1.8,3321.79
3591,1.8,3321.79
3592,1.8,3321.79
3593,1.8,3321.79
3594,1.8,3321.79
3595,1.8,3321.79
3596,1.8,3321.79
3597,1.8,3321.79
3598,1.8,3321.79
3599,1.8,3321.79
3600,1.8,3321.79
