t_s,Q_m3_s,C_p_mg_m3
1,0.903153,193.013
2,0.902174,362.713
3,0.90083,511.979
4,0.899171,643.355
5,0.89723,759.082
6,0.895042,861.128
7,0.892642,951.22
8,0.890051,1030.87
9,0.887293,1101.41
10,0.884392,1164
11,0.88136,1219.64
12,0.878218,1269.23
13,0.874973,1313.54
14,0.871643,1353.24
15,0.868237,1388.92
16,0.864761,1421.09
17,0.861223,1450.21
18,0.857633,1476.66
19,0.853996,1500.8
20,0.850316,1522.91
21,0.846599,1543.25
22,0.842848,1562.06
23,0.839066,1579.54
24,0.835259,1595.85
25,0.831424,1611.16
26,0.827584,1625.58
27,0.823823,1639.23
28,0.820044,1652.19
29,0.81625,1664.56
30,0.81244,1676.43
31,0.808615,1687.86
32,0.804779,1698.91
33,0.80093,1709.65
34,0.796862,1720.16
35,0.792717,1730.5
36,0.788563,1740.7
37,0.784399,1750.79
38,0.780225,1760.79
39,0.776041,1770.73
40,0.771849,1780.63
41,0.767649,1790.5
42,0.76344,1800.36
43,0.759226,1810.22
44,0.755002,1820.1
45,0.750772,1830.01
46,0.746532,1839.95
47,0.742287,1849.94
48,0.738032,1859.99
49,0.733774,1870.1
50,0.729507,1880.27
51,0.725234,1890.53
52,0.720954,1900.87
53,0.716668,1911.29
54,0.712373,1921.81
55,0.708075,1932.42
56,0.703768,1943.14
57,0.699458,1953.96
58,0.695138,1964.89
59,0.690815,1975.94
60,0.686483,1987.11
61,0.682145,1998.39
62,0.6778,2009.81
63,0.673453,2021.35
64,0.669096,2033.02
65,0.664736,2044.83
66,0.660367,2056.77
67,0.655993,2068.86
68,0.651614,2081.09
69,0.647229,2093.47
70,0.642835,2106.01
71,0.638438,2118.69
72,0.634035,2131.54
73,0.629626,2144.54
74,0.625213,2157.71
75,0.620792,2171.05
76,0.616364,2184.55
77,0.611933,2198.23
78,0.607496,2212.09
79,0.603053,2226.13
80,0.598603,2240.36
81,0.594151,2254.77
82,0.589689,2269.37
83,0.585224,2284.17
84,0.580753,2299.17
85,0.576279,2314.37
86,0.571795,2329.78
87,0.567309,2345.4
88,0.562819,2361.24
89,0.558323,2377.29
90,0.553821,2393.57
91,0.549313,2410.08
92,0.544802,2426.82
93,0.540284,2443.8
94,0.54,2459.63
95,0.54,2474.32
96,0.54,2487.95
97,0.54,2500.59
98,0.54,2512.31
99,0.54,2523.18
100,0.54,2533.26
101,0.54,2542.61
102,0.54,2551.29
103,0.54,2559.33
104,0.54,2566.79
105,0.54,2573.71
106,0.54,2580.13
107,0.54,2586.09
108,0.54,2591.61
109,0.54,2596.73
110,0.54,2601.48
111,0.54,2605.89
112,0.54,2609.97
113,0.54,2613.76
114,0.54,2617.28
115,0.54,2620.54
116,0.54,2623.56
117,0.54,2626.37
118,0.54,2628.97
119,0.54,2631.38
120,0.54,2633.62
121,0.54,2635.7
122,0.54,2637.62
123,0.54,2639.41
124,0.54,2641.06
125,0.54,2642.6
126,0.54,2644.03
127,0.54,2645.35
128,0.54,2646.57
129,0.54,2647.71
130,0.54,2648.76
131,0.54,2649.74
132,0.54,2650.65
133,0.54,2651.49
134,0.54,2652.27
135,0.54,2652.99
136,0.54,2653.67
137,0.54,2654.29
138,0.54,2654.87
139,0.54,2655.4
140,0.54,2655.9
141,0.54,2656.36
142,0.54,2656.79
143,0.54,2657.18
144,0.54,2657.55
145,0.54,2657.89
146,0.54,2658.21
147,0.54,2658.5
148,0.54,2658.77
149,0.54,2659.02
150,0.54,2659.26
151,0.54,2659.48
152,0.54,2659.68
153,0.54,2659.86
154,0.54,2660.04
155,0.54,2660.2
156,0.54,2660.35
157,0.54,2660.48
158,0.54,2660.61
159,0.54,2660.73
160,0.54,2660.84
161,0.54,2660.94
162,0.54,2661.04
163,0.54,2661.13
164,0.54,2661.21
165,0.54,2661.28
166,0.54,2661.35
167,0.54,2661.42
168,0.54,2661.48
169,0.54,2661.54
170,0.54,2661.59
171,0.54,2661.64
172,0.54,2661.68
173,0.54,2661.72
174,0.54,2661.76
175,0.54,2661.8
176,0.54,2661.83
177,0.54,2661.86
178,0.54,2661.89
179,0.54,2661.92
180,0.54,2661.94
181,0.54,2661.96
182,0.54,2661.98
183,0.54,2662
184,0.54,2662.02
185,0.54,2662.04
186,0.54,2662.05
187,0.54,2662.07
188,0.54,2662.08
189,0.54,2662.09
190,0.54,2662.11
191,0.54,2662.12
192,0.54,2662.13
193,0.54,2662.14
194,0.54,2662.14
195,0.54,2662.15
196,0.54,2662.16
197,0.54,2662.17
198,0.54,2662.17
199,0.54,2662.18
200,0.54,2662.18
201,0.54,2662.19
202,0.54,2662.19
203,0.54,2662.2
204,0.54,2662.2
205,0.54,2662.21
206,0.54,2662.21
207,0.54,2662.21
208,0.54,2662.21
209,0.54,2662.22
210,0.54,2662.22
211,0.54,2662.22
212,0.54,2662.22
213,0.54,2662.23
214,0.54,2662.23
215,0.54,2662.23
216,0.54,2662.23
217,0.54,2662.23
218,0.54,2662.23
219,0.54,2662.24
220,0.54,2662.24
221,0.54,2662.24
222,0.54,2662.24
223,0.54,2662.24
224,0.54,2662.24
225,0.54,2662.24
226,0.54,2662.24
227,0.54,2662.24
228,0.54,2662.24
229,0.54,2662.25
230,0.54,2662.25
231,0.54,2662.25
232,0.54,2662.25
233,0.54,2662.25
234,0.54,2662.25
235,0.54,2662.25
236,0.54,2662.25
237,0.54,2662.25
238,0.54,2662.25
239,0.54,2662.25
240,0.54,2662.25
241,0.54,2526.73
242,0.54,2401.04
243,0.54,2284.45
244,0.54,2176.32
245,0.54,2076.03
246,0.54,1983.01
247,0.54,1896.74
248,0.54,1816.72
249,0.54,1742.5
250,0.54,1673.66
251,0.54,1609.82
252,0.54,1550.6
253,0.54,1495.67
254,0.54,1444.73
255,0.54,1397.48
256,0.54,1353.66
257,0.54,1313.01
258,0.54,1275.31
259,0.54,1240.34
260,0.54,1207.91
261,0.54,1177.83
262,0.54,1149.93
263,0.54,1124.05
264,0.54,1100.05
265,0.54,1077.79
266,0.54,1057.15
267,0.54,1038
268,0.54,1020.24
269,0.54,1003.76
270,0.54,988.482
271,0.54,974.311
272,0.54,961.167
273,0.54,948.975
274,0.54,937.668
275,0.54,927.18
276,0.54,917.453
277,0.54,908.431
278,0.54,900.063
279,0.54,892.302
280,0.54,885.103
281,0.54,878.427
282,0.54,872.234
283,0.54,866.49
284,0.54,861.163
285,0.54,856.222
286,0.54,851.639
287,0.54,847.389
288,0.54,843.447
289,0.54,839.79
290,0.54,836.399
291,0.54,833.253
292,0.54,830.336
293,0.54,827.63
294,0.54,825.12
295,0.54,822.792
296,0.54,820.633
297,0.54,818.63
298,0.54,816.773
299,0.54,815.05
300,0.54,813.452
301,0.54,754.477
302,0.54,699.777
303,0.54,649.044
304,0.54,601.988
305,0.54,558.344
306,0.54,517.864
307,0.54,480.319
308,0.54,445.496
309,0.54,413.197
310,0.54,383.24
311,0.54,355.455
312,0.54,329.685
313,0.54,305.783
314,0.54,283.614
315,0.54,263.052
316,0.54,243.98
317,0.54,226.292
318,0.54,209.886
319,0.54,194.669
320,0.54,180.555
321,0.54,167.465
322,0.54,155.324
323,0.54,144.063
324,0.54,133.618
325,0.54,123.931
326,0.54,114.946
327,0.54,106.612
328,0.54,98.883
329,0.54,91.714
330,0.54,85.0648
331,0.54,78.8976
332,0.54,73.1775
333,0.54,67.8721
334,0.54,62.9514
335,0.54,58.3874
336,0.54,54.1543
337,0.54,50.2281
338,0.54,46.5866
339,0.54,43.2091
340,0.54,40.0764
341,0.54,37.1709
342,0.54,34.476
343,0.54,31.9765
344,0.54,29.6582
345,0.54,27.508
346,0.54,25.5136
347,0.54,23.6639
348,0.54,21.9483
349,0.54,20.357
350,0.54,18.8811
351,0.54,17.5123
352,0.54,16.2426
353,0.54,15.065
354,0.54,13.9728
355,0.54,12.9598
356,0.54,12.0202
357,0.54,11.1487
358,0.54,10.3404
359,0.54,9.59077
360,0.54,8.89544
361,0.54,8.25052
362,0.54,7.65235
363,0.54,7.09756
364,0.54,6.58299
365,0.54,6.10572
366,0.54,5.66305
367,0.54,5.25248
368,0.54,4.87168
369,0.54,4.51848
370,0.54,4.19089
371,0.54,3.88705
372,0.54,3.60524
373,0.54,3.34386
374,0.54,3.10143
375,0.54,2.87658
376,0.54,2.66803
377,0.54,2.47459
378,0.54,2.29519
379,0.54,2.12878
380,0.54,1.97445
381,0.54,1.8313
382,0.54,1.69853
383,0.54,1.57539
384,0.54,1.46117
385,0.54,1.35524
386,0.54,1.25698
387,0.54,1.16585
388,0.54,1.08133
389,0.54,1.00293
390,0.54,0.930218
391,0.54,0.862777
392,0.54,0.800226
393,0.54,0.74221
394,0.54,0.688399
395,0.54,0.63849
396,0.54,0.5922
397,0.54,0.549265
398,0.54,0.509444
399,0.54,0.472509
400,0.54,0.438252
401,0.54,0.406479
402,0.54,0.377009
403,0.54,0.349676
404,0.54,0.324324
405,0.54,0.300811
406,0.54,0.279002
407,0.54,0.258774
408,0.54,0.240013
409,0.54,0.222612
410,0.54,0.206473
411,0.54,0.191504
412,0.54,0.17762
413,0.54,0.164742
414,0.54,0.152798
415,0.54,0.141721
416,0.54,0.131446
417,0.54,0.121916
418,0.54,0.113077
419,0.54,0.104879
420,0.54,0.0972752
421,0.54,193.104
422,0.54,372.117
423,0.54,538.152
424,0.54,692.149
425,0.54,834.982
426,0.54,967.459
427,0.54,1090.33
428,0.54,1204.3
429,0.54,1310
430,0.54,1408.04
431,0.54,1498.97
432,0.54,1583.31
433,0.54,1661.53
434,0.54,1734.08
435,0.54,1801.37
436,0.54,1863.79
437,0.54,1921.68
438,0.54,1975.37
439,0.54,2025.17
440,0.54,2071.36
441,0.54,2114.2
442,0.54,2153.93
443,0.54,2190.78
444,0.54,2224.96
445,0.54,2256.67
446,0.54,2286.07
447,0.54,2313.35
448,0.54,2338.64
449,0.54,2362.1
450,0.54,2383.86
451,0.54,2404.05
452,0.54,2422.77
453,0.54,2440.13
454,0.54,2456.23
455,0.54,2471.17
456,0.54,2485.02
457,0.54,2497.87
458,0.54,2509.79
459,0.54,2520.84
460,0.54,2531.1
461,0.54,2540.61
462,0.54,2549.42
463,0.54,2557.6
464,0.54,2565.19
465,0.54,2572.23
466,0.54,2578.76
467,0.54,2584.81
468,0.54,2590.42
469,0.54,2595.63
470,0.54,2600.46
471,0.54,2604.94
472,0.54,2609.1
473,0.54,2612.95
474,0.54,2616.52
475,0.54,2619.84
476,0.54,2622.91
477,0.54,2625.77
478,0.54,2628.41
479,0.54,2630.87
480,0.54,2633.14
481,0.54,2635.25
482,0.54,2637.21
483,0.54,2639.02
484,0.54,2640.71
485,0.54,2642.27
486,0.54,2643.72
487,0.54,2645.06
488,0.54,2646.31
489,0.54,2647.47
490,0.54,2648.54
491,0.54,2649.53
492,0.54,2650.45
493,0.54,2651.31
494,0.54,2652.1
495,0.54,2652.84
496,0.54,2653.52
497,0.54,2654.15
498,0.54,2654.74
499,0.54,2655.29
500,0.54,2655.79
501,0.54,2656.26
502,0.54,2656.69
503,0.54,2657.1
504,0.54,2657.47
505,0.54,2657.82
506,0.54,2658.14
507,0.54,2658.44
508,0.54,2658.71
509,0.54,2658.97
510,0.54,2659.21
511,0.54,2659.43
512,0.54,2659.63
513,0.54,2659.82
514,0.54,2660
515,0.54,2660.16
516,0.54,2660.31
517,0.54,2660.46
518,0.54,2660.59
519,0.54,2660.71
520,0.54,2660.82
521,0.54,2660.92
522,0.54,2661.02
523,0.54,2661.11
524,0.54,2661.19
525,0.54,2661.27
526,0.54,2661.34
527,0.54,2661.41
528,0.54,2661.47
529,0.54,2661.52
530,0.54,2661.58
531,0.54,2661.63
532,0.54,2661.67
533,0.54,2661.71
534,0.54,2661.75
535,0.54,2661.79
536,0.54,2661.82
537,0.54,2661.85
538,0.54,2661.88
539,0.54,2661.91
540,0.54,2661.93
541,0.54,2661.96
542,0.54,2661.98
543,0.54,2662
544,0.54,2662.02
545,0.54,2662.03
546,0.54,2662.05
547,0.54,2662.06
548,0.54,2662.08
549,0.54,2662.09
550,0.54,2662.1
551,0.54,2662.11
552,0.54,2662.12
553,0.54,2662.13
554,0.54,2662.14
555,0.54,2662.15
556,0.54,2662.16
557,0.54,2662.16
558,0.54,2662.17
559,0.54,2662.18
560,0.54,2662.18
561,0.54,2662.19
562,0.54,2662.19
563,0.54,2662.2
564,0.54,2662.2
565,0.54,2662.2
566,0.54,2662.21
567,0.54,2662.21
568,0.54,2662.21
569,0.54,2662.22
570,0.54,2662.22
571,0.54,2662.22
572,0.54,2662.22
573,0.54,2662.23
574,0.54,2662.23
575,0.54,2662.23
576,0.54,2662.23
577,0.54,2662.23
578,0.54,2662.23
579,0.54,2662.24
580,0.54,2662.24
581,0.54,2662.24
582,0.54,2662.24
583,0.54,2662.24
584,0.54,2662.24
585,0.54,2662.24
586,0.54,2662.24
587,0.54,2662.24
588,0.54,2662.24
589,0.54,2662.24
590,0.54,2662.25
591,0.54,2662.25
592,0.54,2662.25
593,0.54,2662.25
594,0.54,2662.25
595,0.54,2662.25
596,0.54,2662.25
597,0.54,2662.25
598,0.54,2662.25
599,0.54,2662.25
600,0.54,2662.25
601,0.54,2662.25
602,0.54,2662.25
603,0.54,2662.25
604,0.54,2662.25
605,0.54,2662.25
606,0.54,2662.25
607,0.54,2662.25
608,0.54,2662.25
609,0.54,2662.25
610,0.54,2662.25
611,0.54,2662.25
612,0.54,2662.25
613,0.54,2662.25
614,0.54,2662.25
615,0.54,2662.25
616,0.54,2662.25
617,0.54,2662.25
618,0.54,2662.25
619,0.54,2662.25
620,0.54,2662.25
621,0.54,2662.25
622,0.54,2662.25
623,0.54,2662.25
624,0.54,2662.25
625,0.54,2662.25
626,0.54,2662.25
627,0.54,2662.25
628,0.54,2662.25
629,0.54,2662.25
630,0.54,2662.25
631,0.54,2662.25
632,0.54,2662.25
633,0.54,2662.25
634,0.54,2662.25
635,0.54,2662.25
636,0.54,2662.25
637,0.54,2662.25
638,0.54,2662.25
639,0.54,2662.25
640,0.54,2662.25
641,0.54,2662.25
642,0.54,2662.25
643,0.54,2662.25
644,0.54,2662.25
645,0.54,2662.25
646,0.54,2662.25
647,0.54,2662.25
648,0.54,2662.25
649,0.54,2662.25
650,0.54,2662.25
651,0.54,2662.25
652,0.54,2662.25
653,0.54,2662.25
654,0.54,2662.25
655,0.54,2662.25
656,0.54,2662.25
657,0.54,2662.25
658,0.54,2662.25
659,0.54,2662.25
660,0.54,2662.25
661,0.54,2526.73
662,0.54,2401.04
663,0.54,2284.46
664,0.54,2176.33
665,0.54,2076.04
666,0.54,1983.02
667,0.54,1896.74
668,0.54,1816.72
669,0.54,1742.5
670,0.54,1673.66
671,0.54,1609.82
672,0.54,1550.6
673,0.54,1495.67
674,0.54,1444.73
675,0.54,1397.48
676,0.54,1353.66
677,0.54,1313.01
678,0.54,1275.31
679,0.54,1240.34
680,0.54,1207.91
681,0.54,1177.83
682,0.54,1149.93
683,0.54,1124.06
684,0.54,1100.05
685,0.54,1077.79
686,0.54,1057.15
687,0.54,1038
688,0.54,1020.24
689,0.54,1003.76
690,0.54,988.483
691,0.54,974.311
692,0.54,961.167
693,0.54,948.976
694,0.54,937.668
695,0.54,927.181
696,0.54,917.453
697,0.54,908.431
698,0.54,900.063
699,0.54,892.302
700,0.54,885.104
701,0.54,878.427
702,0.54,872.234
703,0.54,866.491
704,0.54,861.163
705,0.54,856.222
706,0.54,851.64
707,0.54,847.389
708,0.54,843.447
709,0.54,839.79
710,0.54,836.399
711,0.54,833.253
712,0.54,830.336
713,0.54,827.63
714,0.54,825.12
715,0.54,822.792
716,0.54,820.633
717,0.54,818.63
718,0.54,816.773
719,0.54,815.05
720,0.54,813.452
721,0.54,754.477
722,0.54,699.778
723,0.54,649.044
724,0.54,601.988
725,0.54,558.344
726,0.54,517.864
727,0.54,480.319
728,0.54,445.496
729,0.54,413.197
730,0.54,383.24
731,0.54,355.456
732,0.54,329.685
733,0.54,305.783
734,0.54,283.614
735,0.54,263.052
736,0.54,243.98
737,0.54,226.292
738,0.54,209.886
739,0.54,194.669
740,0.54,180.555
741,0.54,167.465
742,0.54,155.324
743,0.54,144.063
744,0.54,133.618
745,0.54,123.931
746,0.54,114.946
747,0.54,106.612
748,0.54,98.8831
749,0.54,91.714
750,0.54,85.0648
751,0.54,78.8976
752,0.54,73.1775
753,0.54,67.8721
754,0.54,62.9514
755,0.54,58.3874
756,0.54,54.1543
757,0.54,50.2281
758,0.54,46.5866
759,0.54,43.2091
760,0.54,40.0764
761,0.54,37.1709
762,0.54,34.476
763,0.54,31.9765
764,0.54,29.6582
765,0.54,27.508
766,0.54,25.5136
767,0.54,23.6639
768,0.54,21.9483
769,0.54,20.357
770,0.54,18.8811
771,0.54,17.5123
772,0.54,16.2426
773,0.54,15.065
774,0.54,13.9728
775,0.54,12.9598
776,0.54,12.0202
777,0.54,11.1487
778,0.54,10.3404
779,0.54,9.59077
780,0.54,8.89544
781,0.54,8.25052
782,0.54,7.65235
783,0.54,7.09756
784,0.54,6.58299
785,0.54,6.10572
786,0.54,5.66305
787,0.54,5.25248
788,0.54,4.87168
789,0.54,4.51848
790,0.54,4.19089
791,0.54,3.88705
792,0.54,3.60524
793,0.54,3.34386
794,0.54,3.10143
795,0.54,2.87658
796,0.54,2.66803
797,0.54,2.47459
798,0.54,2.29519
799,0.54,2.12878
800,0.54,1.97445
801,0.54,1.8313
802,0.54,1.69853
803,0.54,1.57539
804,0.54,1.46117
805,0.54,1.35524
806,0.54,1.25698
807,0.54,1.16585
808,0.54,1.08133
809,0.54,1.00293
810,0.54,0.930218
811,0.54,0.862777
812,0.54,0.800226
813,0.54,0.74221
814,0.54,0.688399
815,0.54,0.63849
816,0.54,0.5922
817,0.54,0.549265
818,0.54,0.509444
819,0.54,0.472509
820,0.54,0.438252
821,0.54,0.406479
822,0.54,0.377009
823,0.54,0.349676
824,0.54,0.324324
825,0.54,0.300811
826,0.54,0.279002
827,0.54,0.258774
828,0.54,0.240013
829,0.54,0.222612
830,0.54,0.206473
831,0.54,0.191504
832,0.54,0.17762
833,0.54,0.164742
834,0.54,0.152798
835,0.54,0.141721
836,0.54,0.131446
837,0.54,0.121916
838,0.54,0.113077
839,0.54,0.104879
840,0.54,0.0972752
841,0.54,193.104
842,0.54,372.117
843,0.54,538.152
844,0.54,692.149
845,0.54,834.982
846,0.54,967.459
847,0.54,1090.33
848,0.54,1204.3
849,0.54,1310
850,0.54,1408.04
851,0.54,1498.97
852,0.54,1583.31
853,0.54,1661.53
854,0.54,1734.08
855,0.54,1801.37
856,0.54,1863.79
857,0.54,1921.68
858,0.54,1975.37
859,0.54,2025.17
860,0.54,2071.36
861,0.54,2114.2
862,0.54,2153.93
863,0.54,2190.78
864,0.54,2224.96
865,0.54,2256.67
866,0.54,2286.07
867,0.54,2313.35
868,0.54,2338.64
869,0.54,2362.1
870,0.54,2383.86
871,0.54,2404.05
872,0.54,2422.77
873,0.54,2440.13
874,0.54,2456.23
875,0.54,2471.17
876,0.54,2485.02
877,0.54,2497.87
878,0.54,2509.79
879,0.54,2520.84
880,0.54,2531.1
881,0.54,2540.61
882,0.54,2549.42
883,0.54,2557.6
884,0.54,2565.19
885,0.54,2572.23
886,0.54,2578.76
887,0.54,2584.81
888,0.54,2590.42
889,0.54,2595.63
890,0.54,2600.46
891,0.54,2604.94
892,0.54,2609.1
893,0.54,2612.95
894,0.54,2616.52
895,0.54,2619.84
896,0.54,2622.91
897,0.54,2625.77
898,0.54,2628.41
899,0.54,2630.87
900,0.54,2633.14
901,0.54,2635.25
902,0.54,2637.21
903,0.54,2639.02
904,0.54,2640.71
905,0.54,2642.27
906,0.54,2643.72
907,0.54,2645.06
908,0.54,2646.31
909,0.54,2647.47
910,0.54,2648.54
911,0.54,2649.53
912,0.54,2650.45
913,0.54,2651.31
914,0.54,2652.1
915,0.54,2652.84
916,0.54,2653.52
917,0.54,2654.15
918,0.54,2654.74
919,0.54,2655.29
920,0.54,2655.79
921,0.54,2656.26
922,0.54,2656.69
923,0.54,2657.1
924,0.54,2657.47
925,0.54,2657.82
926,0.54,2658.14
927,0.54,2658.44
928,0.54,2658.71
929,0.54,2658.97
930,0.54,2659.21
931,0.54,2659.43
932,0.54,2659.63
933,0.54,2659.82
934,0.54,2660
935,0.54,2660.16
936,0.54,2660.31
937,0.54,2660.46
938,0.54,2660.59
939,0.54,2660.71
940,0.54,2660.82
941,0.54,2660.92
942,0.54,2661.02
943,0.54,2661.11
944,0.54,2661.19
945,0.54,2661.27
946,0.54,2661.34
947,0.54,2661.41
948,0.54,2661.47
949,0.54,2661.52
950,0.54,2661.58
951,0.54,2661.63
952,0.54,2661.67
953,0.54,2661.71
954,0.54,2661.75
955,0.54,2661.79
956,0.54,2661.82
957,0.54,2661.85
958,0.54,2661.88
959,0.54,2661.91
960,0.54,2661.93
961,0.54,2661.96
962,0.54,2661.98
963,0.54,2662
964,0.54,2662.02
965,0.54,2662.03
966,0.54,2662.05
967,0.54,2662.06
968,0.54,2662.08
969,0.54,2662.09
970,0.54,2662.1
971,0.54,2662.11
972,0.54,2662.12
973,0.54,2662.13
974,0.54,2662.14
975,0.54,2662.15
976,0.54,2662.16
977,0.54,2662.16
978,0.54,2662.17
979,0.54,2662.18
980,0.54,2662.18
981,0.54,2662.19
982,0.54,2662.19
983,0.54,2662.2
984,0.54,2662.2
985,0.54,2662.2
986,0.54,2662.21
987,0.54,2662.21
988,0.54,2662.21
989,0.54,2662.22
990,0.54,2662.22
991,0.54,2662.22
992,0.54,2662.22
993,0.54,2662.23
994,0.54,2662.23
995,0.54,2662.23
996,0.54,2662.23
997,0.54,2662.23
998,0.54,2662.23
999,0.54,2662.24
1000,0.54,2662.24
1001,0.54,2662.24
1002,0.54,2662.24
1003,0.54,2662.24
1004,0.54,2662.24
1005,0.54,2662.24
1006,0.54,2662.24
1007,0.54,2662.24
1008,0.54,2662.24
1009,0.54,2662.24
1010,0.54,2662.25
1011,0.54,2662.25
1012,0.54,2662.25
1013,0.54,2662.25
1014,0.54,2662.25
1015,0.54,2662.25
1016,0.54,2662.25
1017,0.54,2662.25
1018,0.54,2662.25
1019,0.54,2662.25
1020,0.54,2662.25
1021,0.54,2662.25
1022,0.54,2662.25
1023,0.54,2662.25
1024,0.54,2662.25
1025,0.54,2662.25
1026,0.54,2662.25
1027,0.54,2662.25
1028,0.54,2662.25
1029,0.54,2662.25
1030,0.54,2662.25
1031,0.54,2662.25
1032,0.54,2662.25
1033,0.54,2662.25
1034,0.54,2662.25
1035,0.54,2662.25
1036,0.54,2662.25
1037,0.54,2662.25
1038,0.54,2662.25
1039,0.54,2662.25
1040,0.54,2662.25
1041,0.54,2662.25
1042,0.54,2662.25
1043,0.54,2662.25
1044,0.54,2662.25
1045,0.54,2662.25
1046,0.54,2662.25
1047,0.54,2662.25
1048,0.54,2662.25
1049,0.54,2662.25
1050,0.54,2662.25
1051,0.54,2662.25
1052,0.54,2662.25
1053,0.54,2662.25
1054,0.54,2662.25
1055,0.54,2662.25
1056,0.54,2662.25
1057,0.54,2662.25
1058,0.54,2662.25
1059,0.54,2662.25
1060,0.54,2662.25
1061,0.54,2662.25
1062,0.54,2662.25
1063,0.54,2662.25
1064,0.54,2662.25
1065,0.54,2662.25
1066,0.54,2662.25
1067,0.54,2662.25
1068,0.54,2662.25
1069,0.54,2662.25
1070,0.54,2662.25
1071,0.54,2662.25
1072,0.54,2662.25
1073,0.54,2662.25
1074,0.54,2662.25
1075,0.54,2662.25
1076,0.54,2662.25
1077,0.54,2662.25
1078,0.54,2662.25
1079,0.54,2662.25
1080,0.54,2662.25
1081,0.54,2526.73
1082,0.54,2401.04
1083,0.54,2284.46
1084,0.54,2176.33
1085,0.54,2076.04
1086,0.54,1983.02
1087,0.54,1896.74
1088,0.54,1816.72
1089,0.54,1742.5
1090,0.54,1673.66
1091,0.54,1609.82
1092,0.54,1550.6
1093,0.54,1495.67
1094,0.54,1444.73
1095,0.54,1397.48
1096,0.54,1353.66
1097,0.54,1313.01
1098,0.54,1275.31
1099,0.54,1240.34
1100,0.54,1207.91
1101,0.54,1177.83
1102,0.54,1149.93
1103,0.54,1124.06
1104,0.54,1100.05
1105,0.54,1077.79
1106,0.54,1057.15
1107,0.54,1038
1108,0.54,1020.24
1109,0.54,1003.76
1110,0.54,988.483
1111,0.54,974.311
1112,0.54,961.167
1113,0.54,948.976
1114,0.54,937.668
1115,0.54,927.181
1116,0.54,917.453
1117,0.54,908.431
1118,0.54,900.063
1119,0.54,892.302
1120,0.54,885.104
1121,0.54,878.427
1122,0.54,872.234
1123,0.54,866.491
1124,0.54,861.163
1125,0.54,856.222
1126,0.54,851.64
1127,0.54,847.389
1128,0.54,843.447
1129,0.54,839.79
1130,0.54,836.399
1131,0.54,833.253
1132,0.54,830.336
1133,0.54,827.63
1134,0.54,825.12
1135,0.54,822.792
1136,0.54,820.633
1137,0.54,818.63
1138,0.54,816.773
1139,0.54,815.05
1140,0.54,813.452
1141,0.54,754.477
1142,0.54,699.778
1143,0.54,649.044
1144,0.54,601.988
1145,0.54,558.344
1146,0.54,517.864
1147,0.54,480.319
1148,0.54,445.496
1149,0.54,413.197
1150,0.54,383.24
1151,0.54,355.456
1152,0.54,329.685
1153,0.54,305.783
1154,0.54,283.614
1155,0.54,263.052
1156,0.54,243.98
1157,0.54,226.292
1158,0.54,209.886
1159,0.54,194.669
1160,0.54,180.555
1161,0.54,167.465
1162,0.54,155.324
1163,0.54,144.063
1164,0.54,133.618
1165,0.54,123.931
1166,0.54,114.946
1167,0.54,106.612
1168,0.54,98.8831
1169,0.54,91.714
1170,0.54,85.0648
1171,0.54,78.8976
1172,0.54,73.1775
1173,0.54,67.8721
1174,0.54,62.9514
1175,0.54,58.3874
1176,0.54,54.1543
1177,0.54,50.2281
1178,0.54,46.5866
1179,0.54,43.2091
1180,0.54,40.0764
1181,0.54,37.1709
1182,0.54,34.476
1183,0.54,31.9765
1184,0.54,29.6582
1185,0.54,27.508
1186,0.54,25.5136
1187,0.54,23.6639
1188,0.54,21.9483
1189,0.54,20.357
1190,0.54,18.8811
1191,0.54,17.5123
1192,0.54,16.2426
1193,0.54,15.065
1194,0.54,13.9728
1195,0.54,12.9598
1196,0.54,12.0202
1197,0.54,11.1487
1198,0.54,10.3404
1199,0.54,9.59077
1200,0.54,8.89544
1201,0.54,8.25052
1202,0.54,7.65235
1203,0.54,7.09756
1204,0.54,6.58299
1205,0.54,6.10572
1206,0.54,5.66305
1207,0.54,5.25248
1208,0.54,4.87168
1209,0.54,4.51848
1210,0.54,4.19089
1211,0.54,3.88705
1212,0.54,3.60524
1213,0.54,3.34386
1214,0.54,3.10143
1215,0.54,2.87658
1216,0.54,2.66803
1217,0.54,2.47459
1218,0.54,2.29519
1219,0.54,2.12878
1220,0.54,1.97445
1221,0.54,1.8313
1222,0.54,1.69853
1223,0.54,1.57539
1224,0.54,1.46117
1225,0.54,1.35524
1226,0.54,1.25698
1227,0.54,1.16585
1228,0.54,1.08133
1229,0.54,1.00293
1230,0.54,0.930218
1231,0.54,0.862777
1232,0.54,0.800226
1233,0.54,0.74221
1234,0.54,0.688399
1235,0.54,0.63849
1236,0.54,0.5922
1237,0.54,0.549265
1238,0.54,0.509444
1239,0.54,0.472509
1240,0.54,0.438252
1241,0.54,0.406479
1242,0.54,0.377009
1243,0.54,0.349676
1244,0.54,0.324324
1245,0.54,0.300811
1246,0.54,0.279002
1247,0.54,0.258774
1248,0.54,0.240013
1249,0.54,0.222612
1250,0.54,0.206473
1251,0.54,0.191504
1252,0.54,0.17762
1253,0.54,0.164742
1254,0.54,0.152798
1255,0.54,0.141721
1256,0.54,0.131446
1257,0.54,0.121916
1258,0.54,0.113077
1259,0.54,0.104879
1260,0.54,0.0972752
1261,0.54,193.104
1262,0.54,372.117
1263,0.54,538.152
1264,0.54,692.149
1265,0.54,834.982
1266,0.54,967.459
1267,0.54,1090.33
1268,0.54,1204.3
1269,0.54,1310
1270,0.54,1408.04
1271,0.54,1498.97
1272,0.54,1583.31
1273,0.54,1661.53
1274,0.54,1734.08
1275,0.54,1801.37
1276,0.54,1863.79
1277,0.54,1921.68
1278,0.54,1975.37
1279,0.54,2025.17
1280,0.54,2071.36
1281,0.54,2114.2
1282,0.54,2153.93
1283,0.54,2190.78
1284,0.54,2224.96
1285,0.54,2256.67
1286,0.54,2286.07
1287,0.54,2313.35
1288,0.54,2338.64
1289,0.54,2362.1
1290,0.54,2383.86
1291,0.54,2404.05
1292,0.54,2422.77
1293,0.54,2440.13
1294,0.54,2456.23
1295,0.54,2471.17
1296,0.54,2485.02
1297,0.54,2497.87
1298,0.54,2509.79
1299,0.54,2520.84
1300,0.54,2531.1
1301,0.54,2540.61
1302,0.54,2549.42
1303,0.54,2557.6
1304,0.54,2565.19
1305,0.54,2572.23
1306,0.54,2578.76
1307,0.54,2584.81
1308,0.54,2590.42
1309,0.54,2595.63
1310,0.54,2600.46
1311,0.54,2604.94
1312,0.54,2609.1
1313,0.54,2612.95
1314,0.54,2616.52
1315,0.54,2619.84
1316,0.54,2622.91
1317,0.54,2625.77
1318,0.54,2628.41
1319,0.54,2630.87
1320,0.54,2633.14
1321,0.54,2635.25
1322,0.54,2637.21
1323,0.54,2639.02
1324,0.54,2640.71
1325,0.54,2642.27
1326,0.54,2643.72
1327,0.54,2645.06
1328,0.54,2646.31
1329,0.54,2647.47
1330,0.54,2648.54
1331,0.54,2649.53
1332,0.54,2650.45
1333,0.54,2651.31
1334,0.54,2652.1
1335,0.54,2652.84
1336,0.54,2653.52
1337,0.54,2654.15
1338,0.54,2654.74
1339,0.54,2655.29
1340,0.54,2655.79
1341,0.54,2656.26
1342,0.54,2656.69
1343,0.54,2657.1
1344,0.54,2657.47
1345,0.54,2657.82
1346,0.54,2658.14
1347,0.54,2658.44
1348,0.54,2658.71
1349,0.54,2658.97
1350,0.54,2659.21
1351,0.54,2659.43
1352,0.54,2659.63
1353,0.54,2659.82
1354,0.54,2660
1355,0.54,2660.16
1356,0.54,2660.31
1357,0.54,2660.46
1358,0.54,2660.59
1359,0.54,2660.71
1360,0.54,2660.82
1361,0.54,2660.92
1362,0.54,2661.02
1363,0.54,2661.11
1364,0.54,2661.19
1365,0.54,2661.27
1366,0.54,2661.34
1367,0.54,2661.41
1368,0.54,2661.47
1369,0.54,2661.52
1370,0.54,2661.58
1371,0.54,2661.63
1372,0.54,2661.67
1373,0.54,2661.71
1374,0.54,2661.75
1375,0.54,2661.79
1376,0.54,2661.82
1377,0.54,2661.85
1378,0.54,2661.88
1379,0.54,2661.91
1380,0.54,2661.93
1381,0.54,2661.96
1382,0.54,2661.98
1383,0.54,2662
1384,0.54,2662.02
1385,0.54,2662.03
1386,0.54,2662.05
1387,0.54,2662.06
1388,0.54,2662.08
1389,0.54,2662.09
1390,0.54,2662.1
1391,0.54,2662.11
1392,0.54,2662.12
1393,0.54,2662.13
1394,0.54,2662.14
1395,0.54,2662.15
1396,0.54,2662.16
1397,0.54,2662.16
1398,0.54,2662.17
1399,0.54,2662.18
1400,0.54,2662.18
1401,0.54,2662.19
1402,0.54,2662.19
1403,0.54,2662.2
1404,0.54,2662.2
1405,0.54,2662.2
1406,0.54,2662.21
1407,0.54,2662.21
1408,0.54,2662.21
1409,0.54,2662.22
1410,0.54,2662.22
1411,0.54,2662.22
1412,0.54,2662.22
1413,0.54,2662.23
1414,0.54,2662.23
1415,0.54,2662.23
1416,0.54,2662.23
1417,0.54,2662.23
1418,0.54,2662.23
1419,0.54,2662.24
1420,0.54,2662.24
1421,0.54,2662.24
1422,0.54,2662.24
1423,0.54,2662.24
1424,0.54,2662.24
1425,0.54,2662.24
1426,0.54,2662.24
1427,0.54,2662.24
1428,0.54,2662.24
1429,0.54,2662.24
1430,0.54,2662.25
1431,0.54,2662.25
1432,0.54,2662.25
1433,0.54,2662.25
1434,0.54,2662.25
1435,0.54,2662.25
1436,0.54,2662.25
1437,0.54,2662.25
1438,0.54,2662.25
1439,0.54,2662.25
1440,0.54,2662.25
1441,0.54,2662.25
1442,0.54,2662.25
1443,0.54,2662.25
1444,0.54,2662.25
1445,0.54,2662.25
1446,0.54,2662.25
1447,0.54,2662.25
1448,0.54,2662.25
1449,0.54,2662.25
1450,0.54,2662.25
1451,0.54,2662.25
1452,0.54,2662.25
1453,0.54,2662.25
1454,0.54,2662.25
1455,0.54,2662.25
1456,0.54,2662.25
1457,0.54,2662.25
1458,0.54,2662.25
1459,0.54,2662.25
1460,0.54,2662.25
1461,0.54,2662.25
1462,0.54,2662.25
1463,0.54,2662.25
1464,0.54,2662.25
1465,0.54,2662.25
1466,0.54,2662.25
1467,0.54,2662.25
1468,0.54,2662.25
1469,0.54,2662.25
1470,0.54,2662.25
1471,0.54,2662.25
1472,0.540522,2662.07
1473,0.54178,2661.45
1474,0.543034,2660.43
1475,0.544289,2659.04
1476,0.545543,2657.31
1477,0.546798,2655.26
1478,0.548052,2652.92
1479,0.549304,2650.3
1480,0.550555,2647.44
1481,0.551803,2644.35
1482,0.553052,2641.04
1483,0.5543,2637.54
1484,0.555548,2633.87
1485,0.556794,2630.03
1486,0.558039,2626.04
1487,0.559284,2621.91
1488,0.560529,2617.66
1489,0.561771,2613.29
1490,0.563014,2608.82
1491,0.564253,2604.26
1492,0.565495,2599.61
1493,0.566734,2594.89
1494,0.56797,2590.1
1495,0.569209,2585.24
1496,0.570445,2580.33
1497,0.571681,2575.37
1498,0.572917,2570.36
1499,0.57415,2565.32
1500,0.575382,2560.25
1501,0.576615,2419.62
1502,0.577848,2289.48
1503,0.579078,2169.06
1504,0.580308,2057.64
1505,0.581538,1954.56
1506,0.582764,1859.2
1507,0.583991,1771
1508,0.585218,1689.42
1509,0.586444,1613.97
1510,0.587668,1544.19
1511,0.588892,1479.66
1512,0.590115,1419.99
1513,0.591339,1364.82
1514,0.592559,1313.8
1515,0.59378,1266.62
1516,0.595,1222.99
1517,0.596218,1182.65
1518,0.597438,1145.35
1519,0.598653,1110.84
1520,0.59987,1078.93
1521,0.601087,1049.42
1522,0.602302,1022.11
1523,0.603516,996.844
1524,0.604727,973.464
1525,0.605942,951.822
1526,0.607153,931.786
1527,0.608364,913.231
1528,0.609572,896.044
1529,0.610784,880.117
1530,0.611992,865.354
1531,0.6132,851.663
1532,0.614405,838.962
1533,0.615613,827.172
1534,0.616818,816.223
1535,0.618023,806.049
1536,0.619225,796.59
1537,0.62043,787.787
1538,0.621632,779.592
1539,0.622834,771.954
1540,0.624033,764.832
1541,0.625232,758.183
1542,0.626431,751.971
1543,0.62763,746.16
1544,0.628829,740.72
1545,0.630024,735.62
1546,0.63122,730.833
1547,0.632416,726.336
1548,0.633612,722.104
1549,0.634804,718.117
1550,0.635997,714.355
1551,0.63719,710.801
1552,0.638383,707.437
1553,0.639572,704.249
1554,0.640762,701.223
1555,0.641951,698.345
1556,0.643141,695.605
1557,0.644328,692.991
1558,0.645514,690.493
1559,0.646701,688.102
1560,0.647887,685.81
1561,0.649071,626.115
1562,0.650254,571.517
1563,0.651441,521.59
1564,0.652621,475.943
1565,0.653804,434.215
1566,0.654985,396.077
1567,0.656165,361.227
1568,0.657345,329.386
1569,0.658523,300.301
1570,0.659703,273.736
1571,0.66088,249.478
1572,0.662057,227.331
1573,0.663232,207.114
1574,0.664409,188.663
1575,0.665583,171.826
1576,0.666757,156.464
1577,0.667931,142.452
1578,0.669102,129.672
1579,0.670277,118.018
1580,0.671445,107.394
1581,0.672616,97.7085
1582,0.673787,88.8817
1583,0.674955,80.8385
1584,0.676123,73.5105
1585,0.677291,66.8353
1586,0.678459,60.7559
1587,0.679627,55.22
1588,0.680792,50.18
1589,0.681956,45.5921
1590,0.683121,41.4167
1591,0.684283,37.6172
1592,0.685448,34.1605
1593,0.68661,31.0161
1594,0.687772,28.1563
1595,0.68893,25.5558
1596,0.690092,23.1916
1597,0.691251,21.0425
1598,0.69241,19.0893
1599,0.693568,17.3145
1600,0.694724,15.702
1601,0.695883,14.2372
1602,0.697038,12.9069
1603,0.698194,11.6989
1604,0.699349,10.6022
1605,0.700502,9.60665
1606,0.701658,8.70311
1607,0.70281,7.8832
1608,0.703963,7.13933
1609,0.705112,6.46456
1610,0.706265,5.85257
1611,0.707414,5.29762
1612,0.708564,4.79447
1613,0.709713,4.33838
1614,0.710862,3.92501
1615,0.712009,3.55043
1616,0.713155,3.21106
1617,0.714302,2.90363
1618,0.715448,2.62519
1619,0.716594,2.37305
1620,0.717738,2.14477
1621,0.718881,1.93812
1622,0.720024,1.75108
1623,0.721167,1.58183
1624,0.722311,1.4287
1625,0.723451,1.29017
1626,0.724591,1.16488
1627,0.725731,1.05158
1628,0.726871,0.949138
1629,0.728008,0.856533
1630,0.729149,0.772833
1631,0.730286,0.697194
1632,0.731423,0.628853
1633,0.732557,0.567116
1634,0.733694,0.511354
1635,0.734828,0.460997
1636,0.735962,0.41553
1637,0.737096,0.374484
1638,0.73823,0.337436
1639,0.739364,0.304002
1640,0.740495,0.273835
1641,0.741626,0.246621
1642,0.742756,0.222074
1643,0.743887,0.199936
1644,0.745015,0.179975
1645,0.746146,0.16198
1646,0.747274,0.14576
1647,0.748402,0.131142
1648,0.74953,0.117971
1649,0.750654,0.106104
1650,0.751782,0.0954157
1651,0.752907,0.0857895
1652,0.754032,0.0771215
1653,0.755156,0.0693178
1654,0.756278,0.0622933
1655,0.757403,0.0559714
1656,0.758524,0.0502826
1657,0.759646,0.0451646
1658,0.760768,0.0405607
1659,0.761889,0.03642
1660,0.763008,0.0326967
1661,0.764126,0.0293491
1662,0.765248,0.0263398
1663,0.766363,0.0236352
1664,0.767482,0.0212048
1665,0.7686,0.0190211
1666,0.769716,0.0170595
1667,0.770831,0.0152976
1668,0.771947,0.0137154
1669,0.773062,0.0122949
1670,0.774178,0.0110196
1671,0.77529,0.00987496
1672,0.776402,0.00884777
1673,0.777515,0.00792611
1674,0.778627,0.00709928
1675,0.77974,0.00635765
1676,0.780849,0.00569256
1677,0.781961,0.0050962
1678,0.78307,0.00456156
1679,0.78418,0.00408233
1680,0.785289,0.00365285
1681,0.786395,193.017
1682,0.787504,365.667
1683,0.788611,520.048
1684,0.789717,658.042
1685,0.790823,781.341
1686,0.791929,891.461
1687,0.793032,989.768
1688,0.794138,1077.48
1689,0.795242,1155.71
1690,0.796345,1225.43
1691,0.797448,1287.54
1692,0.798548,1342.82
1693,0.799651,1391.99
1694,0.800751,1435.69
1695,0.801851,1474.49
1696,0.802951,1508.91
1697,0.804051,1539.4
1698,0.805148,1566.39
1699,0.806248,1590.23
1700,0.807345,1611.27
1701,0.808442,1629.79
1702,0.809539,1646.07
1703,0.810635,1660.35
1704,0.811729,1672.83
1705,0.812826,1683.71
1706,0.81392,1693.16
1707,0.815014,1701.34
1708,0.816108,1708.37
1709,0.817198,1714.38
1710,0.818292,1719.49
1711,0.819383,1723.79
1712,0.820477,1727.36
1713,0.821568,1730.29
1714,0.822655,1732.65
1715,0.823746,1734.5
1716,0.824837,1735.88
1717,0.825924,1736.87
1718,0.827012,1737.49
1719,0.8281,1737.79
1720,0.829187,1737.81
1721,0.830275,1737.57
1722,0.831359,1737.11
1723,0.832447,1736.45
1724,0.833532,1735.61
1725,0.834616,1734.61
1726,0.835701,1733.48
1727,0.836782,1732.22
1728,0.837867,1730.85
1729,0.838948,1729.38
1730,0.84003,1727.84
1731,0.841111,1726.21
1732,0.842193,1724.52
1733,0.843274,1722.77
1734,0.844356,1720.97
1735,0.845434,1719.13
1736,0.846512,1717.25
1737,0.847591,1715.33
1738,0.848669,1713.39
1739,0.849748,1711.42
1740,0.850826,1709.43
1741,0.851901,1707.42
1742,0.852976,1705.39
1743,0.854052,1703.35
1744,0.855127,1701.3
1745,0.856202,1699.25
1746,0.857278,1697.18
1747,0.85835,1695.11
1748,0.859425,1693.03
1749,0.860497,1690.95
1750,0.861569,1688.87
1751,0.862642,1686.79
1752,0.863711,1684.7
1753,0.864783,1682.62
1754,0.865852,1680.54
1755,0.866921,1678.46
1756,0.867993,1676.38
1757,0.869059,1674.31
1758,0.870129,1672.23
1759,0.871198,1670.17
1760,0.872264,1668.1
1761,0.873333,1666.04
1762,0.874399,1663.98
1763,0.875465,1661.93
1764,0.876531,1659.88
1765,0.877594,1657.84
1766,0.87866,1655.8
1767,0.879723,1653.76
1768,0.880789,1651.74
1769,0.881852,1649.71
1770,0.882915,1647.69
1771,0.883974,1645.68
1772,0.885037,1643.67
1773,0.886099,1641.67
1774,0.88716,1639.67
1775,0.88822,1637.68
1776,0.88928,1635.69
1777,0.89034,1633.71
1778,0.891399,1631.74
1779,0.892456,1629.77
1780,0.893516,1627.8
1781,0.894573,1625.84
1782,0.89563,1623.89
1783,0.896686,1621.94
1784,0.897743,1620
1785,0.8988,1618.06
1786,0.899853,1616.13
1787,0.90091,1614.2
1788,0.901964,1612.28
1789,0.903017,1610.37
1790,0.904071,1608.46
1791,0.905125,1606.55
1792,0.906178,1604.65
1793,0.907229,1602.76
1794,0.908283,1600.87
1795,0.909333,1598.99
1796,0.910384,1597.11
1797,0.911434,1595.23
1798,0.912485,1593.37
1799,0.913535,1591.5
1800,0.914583,1589.65
1801,0.915634,1587.79
1802,0.916681,1585.95
1803,0.917729,1584.1
1804,0.918776,1582.27
1805,0.919823,1580.44
1806,0.920871,1578.61
1807,0.921915,1576.79
1808,0.922963,1574.97
1809,0.924007,1573.16
1810,0.925052,1571.35
1811,0.926096,1569.55
1812,0.92714,1567.75
1813,0.928185,1565.96
1814,0.929226,1564.17
1815,0.93027,1562.39
1816,0.931312,1560.61
1817,0.932353,1558.84
1818,0.933394,1557.07
1819,0.934436,1555.31
1820,0.935477,1553.55
1821,0.936518,1551.8
1822,0.937556,1550.05
1823,0.938598,1548.3
1824,0.939636,1546.56
1825,0.940674,1544.83
1826,0.941712,1543.1
1827,0.942751,1541.37
1828,0.943786,1539.65
1829,0.944824,1537.94
1830,0.945859,1536.22
1831,0.946897,1534.52
1832,0.947932,1532.81
1833,0.948967,1531.11
1834,0.950003,1529.42
1835,0.951036,1527.73
1836,0.95207,1526.05
1837,0.953105,1524.37
1838,0.954137,1522.69
1839,0.955169,1521.02
1840,0.956201,1519.35
1841,0.957233,1517.69
1842,0.958265,1516.03
1843,0.959297,1514.38
1844,0.960326,1512.73
1845,0.961358,1511.08
1846,0.962387,1509.44
1847,0.963416,1507.8
1848,0.964445,1506.17
1849,0.965474,1504.54
1850,0.966503,1502.92
1851,0.967532,1501.3
1852,0.968557,1499.68
1853,0.969586,1498.07
1854,0.970612,1496.46
1855,0.971638,1494.86
1856,0.972664,1493.26
1857,0.97369,1491.66
1858,0.974716,1490.07
1859,0.975738,1488.48
1860,0.976764,1486.9
1861,0.977787,1485.32
1862,0.978813,1483.74
1863,0.979836,1482.17
1864,0.980858,1480.6
1865,0.981881,1479.04
1866,0.982901,1477.48
1867,0.983924,1475.92
1868,0.984945,1474.37
1869,0.985966,1472.82
1870,0.986986,1471.28
1871,0.988005,1469.74
1872,0.989025,1468.2
1873,0.990045,1466.67
1874,0.991064,1465.14
1875,0.992082,1463.62
1876,0.993101,1462.1
1877,0.994117,1460.58
1878,0.995137,1459.07
1879,0.996153,1457.56
1880,0.99717,1456.05
1881,0.998187,1454.55
1882,0.999202,1453.05
1883,1.00022,1451.55
1884,1.00123,1450.06
1885,1.00225,1448.57
1886,1.00326,1447.09
1887,1.00428,1445.61
1888,1.00529,1444.13
1889,1.0063,1442.66
1890,1.00731,1441.19
1891,1.00833,1439.72
1892,1.00934,1438.26
1893,1.01035,1436.8
1894,1.01136,1435.35
1895,1.01238,1433.89
1896,1.01339,1432.45
1897,1.0144,1431
1898,1.01541,1429.56
1899,1.01641,1428.12
1900,1.01742,1426.69
1901,1.01843,1425.26
1902,1.01944,1423.83
1903,1.02045,1422.4
1904,1.02146,1420.98
1905,1.02246,1419.56
1906,1.02347,1418.15
1907,1.02448,1416.74
1908,1.02548,1415.33
1909,1.02649,1413.93
1910,1.0275,1412.53
1911,1.0285,1411.13
1912,1.02951,1409.73
1913,1.03051,1408.34
1914,1.03151,1406.96
1915,1.03252,1405.57
1916,1.03352,1404.19
1917,1.03452,1402.81
1918,1.03553,1401.44
1919,1.03653,1400.07
1920,1.03753,1398.7
1921,1.03853,1261.81
1922,1.03954,1143.78
1923,1.04054,1042.02
1924,1.04154,954.282
1925,1.04254,878.648
1926,1.04354,813.449
1927,1.04454,757.245
1928,1.04554,708.796
1929,1.04653,667.031
1930,1.04753,631.026
1931,1.04853,599.984
1932,1.04953,573.217
1933,1.05053,550.133
1934,1.05152,530.221
1935,1.05252,513.04
1936,1.05352,498.211
1937,1.05451,485.406
1938,1.05551,474.343
1939,1.05651,464.78
1940,1.0575,456.507
1941,1.0585,449.344
1942,1.05949,443.136
1943,1.06048,437.749
1944,1.06148,433.069
1945,1.06247,428.996
1946,1.06346,425.445
1947,1.06446,422.343
1948,1.06545,419.628
1949,1.06644,417.243
1950,1.06743,415.144
1951,1.06842,413.29
1952,1.06942,411.646
1953,1.07041,410.183
1954,1.0714,408.876
1955,1.07239,407.702
1956,1.07338,406.642
1957,1.07437,405.681
1958,1.07535,404.805
1959,1.07634,404.001
1960,1.07733,403.26
1961,1.07832,402.573
1962,1.07931,401.932
1963,1.08029,401.33
1964,1.08128,400.763
1965,1.08227,400.224
1966,1.08325,399.712
1967,1.08424,399.221
1968,1.08523,398.748
1969,1.08621,398.292
1970,1.0872,397.85
1971,1.08818,397.42
1972,1.08917,397.001
1973,1.09015,396.59
1974,1.09113,396.187
1975,1.09212,395.791
1976,1.0931,395.401
1977,1.09408,395.017
1978,1.09507,394.637
1979,1.09605,394.26
1980,1.09703,393.888
1981,1.09801,336.025
1982,1.09899,286.618
1983,1.09997,244.439
1984,1.10096,208.434
1985,1.10194,177.706
1986,1.10292,151.484
1987,1.1039,129.112
1988,1.10487,110.027
1989,1.10585,93.7491
1990,1.10683,79.8669
1991,1.10781,68.03
1992,1.10879,57.9385
1993,1.10977,49.3364
1994,1.11075,42.0051
1995,1.11172,35.7577
1996,1.1127,30.4348
1997,1.11367,25.9003
1998,1.11465,22.0381
1999,1.11563,18.7489
2000,1.1166,15.9482
2001,1.11758,13.5637
2002,1.11855,11.534
2003,1.11953,9.80659
2004,1.1205,8.33657
2005,1.12148,7.08584
2006,1.12245,6.02183
2007,1.12343,5.11681
2008,1.1244,4.34714
2009,1.12537,3.69268
2010,1.12634,3.13627
2011,1.12732,2.66329
2012,1.12829,2.2613
2013,1.12926,1.91969
2014,1.13023,1.62944
2015,1.1312,1.38286
2016,1.13217,1.17342
2017,1.13314,0.995543
2018,1.13411,0.844504
2019,1.13508,0.71627
2020,1.13605,0.607416
2021,1.13702,0.515026
2022,1.13799,0.436623
2023,1.13896,0.370098
2024,1.13993,0.313662
2025,1.1409,0.265791
2026,1.14186,0.225192
2027,1.14283,0.190765
2028,1.1438,0.161577
2029,1.14477,0.136833
2030,1.14573,0.115862
2031,1.1467,0.0980893
2032,1.14767,0.0830304
2033,1.14863,0.0702727
2034,1.1496,0.0594662
2035,1.15056,0.0503139
2036,1.15153,0.0425637
2037,1.15249,0.0360018
2038,1.15346,0.030447
2039,1.15442,0.0257452
2040,1.15538,0.0217663
2041,1.15635,0.0183995
2042,1.15731,0.0155511
2043,1.15827,0.0131417
2044,1.15924,0.0111039
2045,1.1602,0.00938061
2046,1.16116,0.0079236
2047,1.16212,0.00669188
2048,1.16308,0.00565078
2049,1.16404,0.00477092
2050,1.165,0.00402745
2051,1.16597,0.00339932
2052,1.16693,0.00286872
2053,1.16789,0.00242057
2054,1.16885,0.00204212
2055,1.16981,0.00172258
2056,1.17076,0.00145282
2057,1.17172,0.00122512
2058,1.17268,0.00103295
2059,1.17364,0.000870795
2060,1.1746,0.000733982
2061,1.17556,0.00061857
2062,1.17651,0.000521226
2063,1.17747,0.000439135
2064,1.17843,0.000369917
2065,1.17938,0.000311562
2066,1.18034,0.000262373
2067,1.1813,0.000220917
2068,1.18225,0.000185982
2069,1.18321,0.000156548
2070,1.18416,0.000131753
2071,1.18512,0.000110868
2072,1.18607,9.32795e-05
2073,1.18703,7.84695e-05
2074,1.18798,6.60009e-05
2075,1.18894,5.55051e-05
2076,1.18989,4.66714e-05
2077,1.19084,3.92376e-05
2078,1.1918,3.29829e-05
2079,1.19275,2.7721e-05
2080,1.1937,2.32951e-05
2081,1.19466,1.95728e-05
2082,1.19561,1.64428e-05
2083,1.19656,1.38113e-05
2084,1.19751,1.15992e-05
2085,1.19846,9.73989e-06
2086,1.19941,8.1774e-06
2087,1.20036,6.86454e-06
2088,1.20131,5.76158e-06
2089,1.20226,4.83511e-06
2090,1.20321,4.057e-06
2091,1.20416,3.4036e-06
2092,1.20511,2.855e-06
2093,1.20606,2.39447e-06
2094,1.20701,2.00792e-06
2095,1.20796,1.68352e-06
2096,1.20891,1.41131e-06
2097,1.20985,1.18294e-06
2098,1.2108,9.91378e-07
2099,1.21175,8.30709e-07
2100,1.2127,6.95974e-07
2101,1.21364,193.013
2102,1.21459,354.673
2103,1.21554,490.026
2104,1.21648,603.313
2105,1.21743,698.093
2106,1.21837,777.352
2107,1.21932,843.598
2108,1.22026,898.935
2109,1.22121,945.127
2110,1.22215,983.656
2111,1.2231,1015.76
2112,1.22404,1042.49
2113,1.22499,1064.71
2114,1.22593,1083.16
2115,1.22687,1098.44
2116,1.22782,1111.08
2117,1.22876,1121.51
2118,1.2297,1130.08
2119,1.23064,1137.1
2120,1.23159,1142.82
2121,1.23253,1147.45
2122,1.23347,1151.18
2123,1.23441,1154.15
2124,1.23535,1156.48
2125,1.23629,1158.28
2126,1.23723,1159.64
2127,1.23817,1160.63
2128,1.23911,1161.31
2129,1.24005,1161.73
2130,1.24099,1161.94
2131,1.24193,1161.96
2132,1.24287,1161.84
2133,1.24381,1161.59
2134,1.24475,1161.24
2135,1.24568,1160.8
2136,1.24662,1160.29
2137,1.24756,1159.72
2138,1.2485,1159.1
2139,1.24944,1158.44
2140,1.25037,1157.74
2141,1.25131,1157.02
2142,1.25224,1156.27
2143,1.25318,1155.5
2144,1.25412,1154.72
2145,1.25505,1153.92
2146,1.25599,1153.12
2147,1.25692,1152.3
2148,1.25786,1151.48
2149,1.25879,1150.66
2150,1.25973,1149.83
2151,1.26066,1148.99
2152,1.2616,1148.16
2153,1.26253,1147.32
2154,1.26346,1146.48
2155,1.2644,1145.64
2156,1.26533,1144.8
2157,1.26626,1143.96
2158,1.2672,1143.11
2159,1.26813,1142.27
2160,1.26906,1141.43
2161,1.26999,1140.6
2162,1.27092,1139.76
2163,1.27186,1138.92
2164,1.27279,1138.08
2165,1.27372,1137.25
2166,1.27465,1136.41
2167,1.27558,1135.58
2168,1.27651,1134.75
2169,1.27744,1133.92
2170,1.27837,1133.09
2171,1.2793,1132.26
2172,1.28023,1131.44
2173,1.28116,1130.61
2174,1.28208,1129.79
2175,1.28301,1128.96
2176,1.28394,1128.14
2177,1.28487,1127.32
2178,1.2858,1126.51
2179,1.28672,1125.69
2180,1.28765,1124.87
2181,1.28858,1124.06
2182,1.28951,1123.25
2183,1.29043,1122.43
2184,1.29136,1121.62
2185,1.29229,1120.82
2186,1.29321,1120.01
2187,1.29414,1119.2
2188,1.29506,1118.4
2189,1.29599,1117.59
2190,1.29691,1116.79
2191,1.29784,1115.99
2192,1.29876,1115.19
2193,1.29969,1114.4
2194,1.30061,1113.6
2195,1.30153,1112.8
2196,1.30246,1112.01
2197,1.30338,1111.22
2198,1.3043,1110.43
2199,1.30523,1109.64
2200,1.30615,1108.85
2201,1.30707,1108.06
2202,1.308,1107.28
2203,1.30892,1106.49
2204,1.30984,1105.71
2205,1.31076,1104.93
2206,1.31168,1104.14
2207,1.3126,1103.37
2208,1.31352,1102.59
2209,1.31444,1101.81
2210,1.31537,1101.04
2211,1.31629,1100.26
2212,1.31721,1099.49
2213,1.31812,1098.72
2214,1.31905,1097.95
2215,1.31996,1097.18
2216,1.32088,1096.41
2217,1.3218,1095.64
2218,1.32272,1094.88
2219,1.32364,1094.11
2220,1.32456,1093.35
2221,1.32548,1092.59
2222,1.32639,1091.83
2223,1.32731,1091.07
2224,1.32823,1090.31
2225,1.32915,1089.56
2226,1.33006,1088.8
2227,1.33098,1088.05
2228,1.3319,1087.29
2229,1.33281,1086.54
2230,1.33373,1085.79
2231,1.33464,1085.04
2232,1.33556,1084.3
2233,1.33648,1083.55
2234,1.33739,1082.8
2235,1.3383,1082.06
2236,1.33922,1081.32
2237,1.34013,1080.57
2238,1.34105,1079.83
2239,1.34196,1079.09
2240,1.34288,1078.36
2241,1.34379,1077.62
2242,1.3447,1076.88
2243,1.34562,1076.15
2244,1.34653,1075.41
2245,1.34744,1074.68
2246,1.34836,1073.95
2247,1.34927,1073.22
2248,1.35018,1072.49
2249,1.35109,1071.76
2250,1.35201,1071.04
2251,1.35292,1070.31
2252,1.35383,1069.59
2253,1.35474,1068.86
2254,1.35565,1068.14
2255,1.35656,1067.42
2256,1.35747,1066.7
2257,1.35838,1065.98
2258,1.35929,1065.27
2259,1.3602,1064.55
2260,1.36111,1063.84
2261,1.36202,1063.12
2262,1.36293,1062.41
2263,1.36384,1061.7
2264,1.36475,1060.99
2265,1.36566,1060.28
2266,1.36656,1059.57
2267,1.36747,1058.86
2268,1.36838,1058.15
2269,1.36929,1057.45
2270,1.3702,1056.75
2271,1.3711,1056.04
2272,1.37201,1055.34
2273,1.37292,1054.64
2274,1.37382,1053.94
2275,1.37473,1053.24
2276,1.37564,1052.55
2277,1.37654,1051.85
2278,1.37745,1051.15
2279,1.37836,1050.46
2280,1.37926,1049.77
2281,1.38017,1049.07
2282,1.38107,1048.38
2283,1.38198,1047.69
2284,1.38288,1047.01
2285,1.38379,1046.32
2286,1.38469,1045.63
2287,1.38559,1044.95
2288,1.3865,1044.26
2289,1.3874,1043.58
2290,1.38831,1042.9
2291,1.38921,1042.21
2292,1.39011,1041.53
2293,1.39102,1040.85
2294,1.39192,1040.18
2295,1.39282,1039.5
2296,1.39372,1038.82
2297,1.39462,1038.15
2298,1.39553,1037.47
2299,1.39643,1036.8
2300,1.39733,1036.13
2301,1.39823,1035.46
2302,1.39913,1034.79
2303,1.40003,1034.12
2304,1.40093,1033.45
2305,1.40183,1032.78
2306,1.40274,1032.12
2307,1.40363,1031.45
2308,1.40453,1030.79
2309,1.40543,1030.13
2310,1.40634,1029.46
2311,1.40723,1028.8
2312,1.40813,1028.14
2313,1.40903,1027.48
2314,1.40993,1026.83
2315,1.41083,1026.17
2316,1.41173,1025.51
2317,1.41263,1024.86
2318,1.41352,1024.2
2319,1.41442,1023.55
2320,1.41532,1022.9
2321,1.41622,1022.25
2322,1.41711,1021.6
2323,1.41801,1020.95
2324,1.41891,1020.3
2325,1.4198,1019.65
2326,1.4207,1019.01
2327,1.4216,1018.36
2328,1.42249,1017.72
2329,1.42339,1017.07
2330,1.42428,1016.43
2331,1.42518,1015.79
2332,1.42608,1015.15
2333,1.42697,1014.51
2334,1.42787,1013.87
2335,1.42876,1013.23
2336,1.42965,1012.6
2337,1.43055,1011.96
2338,1.43144,1011.33
2339,1.43234,1010.69
2340,1.43323,1010.06
2341,1.43413,873.908
2342,1.43502,763.754
2343,1.43591,674.641
2344,1.4368,602.554
2345,1.4377,544.24
2346,1.43859,497.07
2347,1.43948,458.911
2348,1.44038,428.041
2349,1.44127,403.064
2350,1.44216,382.852
2351,1.44305,366.49
2352,1.44394,353.242
2353,1.44484,342.508
2354,1.44573,333.807
2355,1.44662,326.748
2356,1.44751,321.015
2357,1.4484,316.354
2358,1.44929,312.557
2359,1.45018,309.459
2360,1.45107,306.925
2361,1.45196,304.846
2362,1.45285,303.134
2363,1.45374,301.719
2364,1.45463,300.543
2365,1.45552,299.56
2366,1.45641,298.733
2367,1.4573,298.031
2368,1.45818,297.431
2369,1.45907,296.912
2370,1.45996,296.46
2371,1.46085,296.061
2372,1.46174,295.704
2373,1.46262,295.382
2374,1.46351,295.089
2375,1.4644,294.817
2376,1.46529,294.564
2377,1.46617,294.326
2378,1.46706,294.1
2379,1.46795,293.883
2380,1.46883,293.674
2381,1.46972,293.471
2382,1.47061,293.274
2383,1.47149,293.08
2384,1.47238,292.89
2385,1.47326,292.703
2386,1.47415,292.519
2387,1.47503,292.336
2388,1.47592,292.154
2389,1.47681,291.974
2390,1.47769,291.795
2391,1.47857,291.617
2392,1.47946,291.44
2393,1.48034,291.263
2394,1.48123,291.088
2395,1.48211,290.912
2396,1.483,290.737
2397,1.48388,290.563
2398,1.48476,290.389
2399,1.48564,290.215
2400,1.48653,290.041
2401,1.48741,232.375
2402,1.48829,186.146
2403,1.48918,149.093
2404,1.49006,119.397
2405,1.49094,95.6024
2406,1.49182,76.5384
2407,1.4927,61.2669
2408,1.49358,49.0353
2409,1.49447,39.2399
2410,1.49535,31.3966
2411,1.49623,25.1174
2412,1.49711,20.091
2413,1.49799,16.0681
2414,1.49887,12.8489
2415,1.49975,10.2731
2416,1.50063,8.21249
2417,1.50151,6.56423
2418,1.50239,5.24601
2419,1.50327,4.1919
2420,1.50415,3.3491
2421,1.50503,2.67536
2422,1.50591,2.13684
2423,1.50679,1.70647
2424,1.50767,1.36258
2425,1.50855,1.08783
2426,1.50943,0.868351
2427,1.5103,0.693054
2428,1.51118,0.553063
2429,1.51206,0.441285
2430,1.51294,0.352046
2431,1.51382,0.280812
2432,1.51469,0.223959
2433,1.51557,0.17859
2434,1.51645,0.142391
2435,1.51733,0.113513
2436,1.5182,0.0904781
2437,1.51908,0.0721071
2438,1.51996,0.0574577
2439,1.52083,0.0457779
2440,1.52171,0.0364669
2441,1.52258,0.0290455
2442,1.52346,0.023131
2443,1.52434,0.0184182
2444,1.52521,0.0146634
2445,1.52609,0.0116724
2446,1.52696,0.00929013
2447,1.52784,0.00739297
2448,1.52871,0.00588238
2449,1.52959,0.00467976
2450,1.53046,0.00372246
2451,1.53134,0.00296055
2452,1.53221,0.00235425
2453,1.53308,0.00187183
2454,1.53396,0.00148806
2455,1.53483,0.00118279
2456,1.53571,0.000940009
2457,1.53658,0.000746953
2458,1.53745,0.000593459
2459,1.53833,0.000471438
2460,1.5392,0.00037445
2461,1.54007,0.000297372
2462,1.54094,0.000236126
2463,1.54182,0.000187466
2464,1.54271,0.000148811
2465,1.54361,0.000118109
2466,1.5445,9.37277e-05
2467,1.54539,7.4368e-05
2468,1.54628,5.89983e-05
2469,1.54718,4.6798e-05
2470,1.54807,3.71151e-05
2471,1.54896,2.94312e-05
2472,1.54985,2.33346e-05
2473,1.55074,1.84982e-05
2474,1.55163,1.46619e-05
2475,1.55253,1.16195e-05
2476,1.55342,9.20705e-06
2477,1.55431,7.29437e-06
2478,1.5552,5.77816e-06
2479,1.55609,4.57642e-06
2480,1.55698,3.62408e-06
2481,1.55787,2.86949e-06
2482,1.55876,2.27167e-06
2483,1.55965,1.79814e-06
2484,1.56054,1.42309e-06
2485,1.56143,1.12611e-06
2486,1.56232,8.90966e-07
2487,1.56321,7.04818e-07
2488,1.5641,5.57479e-07
2489,1.56499,4.40874e-07
2490,1.56588,3.48606e-07
2491,1.56677,2.75607e-07
2492,1.56765,2.17862e-07
2493,1.56854,1.72189e-07
2494,1.56943,1.36071e-07
2495,1.57032,1.07513e-07
2496,1.57121,8.49362e-08
2497,1.57209,6.709e-08
2498,1.57298,5.29857e-08
2499,1.57387,4.18402e-08
2500,1.57476,3.30342e-08
2501,1.57564,2.60777e-08
2502,1.57653,2.0583e-08
2503,1.57742,1.62436e-08
2504,1.5783,1.28172e-08
2505,1.57919,1.0112e-08
2506,1.58007,7.97661e-09
2507,1.58096,6.29119e-09
2508,1.58185,4.96115e-09
2509,1.58273,3.91172e-09
2510,1.58362,3.0838e-09
2511,1.5845,2.43076e-09
2512,1.58539,1.91572e-09
2513,1.58627,1.50958e-09
2514,1.58716,1.18937e-09
2515,1.58804,9.36936e-10
2516,1.58893,7.37971e-10
2517,1.58981,5.81171e-10
2518,1.59069,4.57618e-10
2519,1.59158,3.60278e-10
2520,1.59246,2.83601e-10
2521,1.59335,193.013
2522,1.59423,344.902
2523,1.59511,464.389
2524,1.596,558.348
2525,1.59688,632.2
2526,1.59776,690.217
2527,1.59864,735.764
2528,1.59953,771.492
2529,1.60041,799.493
2530,1.60129,821.41
2531,1.60217,838.54
2532,1.60306,851.904
2533,1.60394,862.305
2534,1.60482,870.374
2535,1.6057,876.611
2536,1.60658,881.406
2537,1.60746,885.068
2538,1.60834,887.84
2539,1.60922,889.912
2540,1.61011,891.433
2541,1.61099,892.523
2542,1.61187,893.273
2543,1.61275,893.756
2544,1.61363,894.031
2545,1.61451,894.141
2546,1.61539,894.123
2547,1.61627,894.004
2548,1.61715,893.806
2549,1.61802,893.546
2550,1.6189,893.237
2551,1.61978,892.89
2552,1.62066,892.514
2553,1.62154,892.115
2554,1.62242,891.698
2555,1.6233,891.266
2556,1.62417,890.824
2557,1.62505,890.374
2558,1.62593,889.917
2559,1.62681,889.455
2560,1.62769,888.99
2561,1.62856,888.522
2562,1.62944,888.052
2563,1.63032,887.58
2564,1.6312,887.108
2565,1.63207,886.634
2566,1.63295,886.161
2567,1.63382,885.687
2568,1.6347,885.213
2569,1.63558,884.739
2570,1.63645,884.266
2571,1.63733,883.792
2572,1.6382,883.319
2573,1.63908,882.847
2574,1.63996,882.375
2575,1.64083,881.903
2576,1.64171,881.432
2577,1.64258,880.962
2578,1.64346,880.492
2579,1.64433,880.022
2580,1.6452,879.553
2581,1.64608,879.085
2582,1.64695,878.617
2583,1.64783,878.15
2584,1.6487,877.683
2585,1.64958,877.217
2586,1.65045,876.752
2587,1.65132,876.287
2588,1.6522,875.822
2589,1.65307,875.358
2590,1.65394,874.895
2591,1.65481,874.433
2592,1.65569,873.97
2593,1.65656,873.509
2594,1.65743,873.048
2595,1.6583,872.587
2596,1.65918,872.128
2597,1.66005,871.668
2598,1.66092,871.21
2599,1.66179,870.751
2600,1.66266,870.294
2601,1.66354,869.837
2602,1.66441,869.38
2603,1.66528,868.924
2604,1.66615,868.469
2605,1.66702,868.014
2606,1.66789,867.56
2607,1.66876,867.106
2608,1.66963,866.653
2609,1.6705,866.2
2610,1.67137,865.748
2611,1.67224,865.297
2612,1.67311,864.846
2613,1.67398,864.395
2614,1.67485,863.946
2615,1.67572,863.496
2616,1.67659,863.048
2617,1.67746,862.599
2618,1.67833,862.152
2619,1.6792,861.704
2620,1.68006,861.258
2621,1.68093,860.812
2622,1.6818,860.366
2623,1.68267,859.921
2624,1.68354,859.477
2625,1.6844,859.033
2626,1.68527,858.589
2627,1.68614,858.146
2628,1.68701,857.704
2629,1.68787,857.262
2630,1.68874,856.821
2631,1.68961,856.38
2632,1.69048,855.94
2633,1.69134,855.5
2634,1.69221,855.061
2635,1.69308,854.622
2636,1.69394,854.184
2637,1.69481,853.747
2638,1.69567,853.31
2639,1.69654,852.873
2640,1.69741,852.437
2641,1.69827,852.001
2642,1.69914,851.566
2643,1.7,851.132
2644,1.70087,850.698
2645,1.70173,850.264
2646,1.7026,849.831
2647,1.70346,849.399
2648,1.70433,848.967
2649,1.70519,848.536
2650,1.70606,848.105
2651,1.70692,847.674
2652,1.70778,847.244
2653,1.70865,846.815
2654,1.70951,846.386
2655,1.71038,845.958
2656,1.71124,845.53
2657,1.7121,845.102
2658,1.71297,844.675
2659,1.71383,844.249
2660,1.71469,843.823
2661,1.71556,843.398
2662,1.71642,842.973
2663,1.71728,842.548
2664,1.71814,842.125
2665,1.71901,841.701
2666,1.71987,841.278
2667,1.72073,840.856
2668,1.72159,840.434
2669,1.72245,840.013
2670,1.72332,839.592
2671,1.72418,839.171
2672,1.72504,838.751
2673,1.7259,838.332
2674,1.72676,837.913
2675,1.72762,837.494
2676,1.72848,837.076
2677,1.72934,836.659
2678,1.73021,836.241
2679,1.73107,835.825
2680,1.73192,835.409
2681,1.73279,834.993
2682,1.73365,834.578
2683,1.7345,834.163
2684,1.73537,833.749
2685,1.73623,833.335
2686,1.73708,832.922
2687,1.73794,832.509
2688,1.7388,832.097
2689,1.73966,831.686
2690,1.74052,831.274
2691,1.74138,830.863
2692,1.74224,830.453
2693,1.7431,830.043
2694,1.74396,829.633
2695,1.74481,829.224
2696,1.74567,828.816
2697,1.74653,828.408
2698,1.74739,828
2699,1.74825,827.593
2700,1.7491,827.186
2701,1.74996,826.78
2702,1.75082,826.374
2703,1.75168,825.969
2704,1.75253,825.564
2705,1.75339,825.16
2706,1.75425,824.756
2707,1.75511,824.353
2708,1.75596,823.95
2709,1.75682,823.547
2710,1.75767,823.145
2711,1.75853,822.743
2712,1.75939,822.342
2713,1.76024,821.942
2714,1.7611,821.541
2715,1.76195,821.141
2716,1.76281,820.742
2717,1.76366,820.343
2718,1.76452,819.945
2719,1.76538,819.547
2720,1.76623,819.149
2721,1.76709,818.752
2722,1.76794,818.355
2723,1.76879,817.959
2724,1.76965,817.563
2725,1.77051,817.168
2726,1.77136,816.773
2727,1.77221,816.379
2728,1.77307,815.985
2729,1.77392,815.591
2730,1.77478,815.198
2731,1.77563,814.805
2732,1.77648,814.413
2733,1.77734,814.021
2734,1.77819,813.63
2735,1.77904,813.239
2736,1.7799,812.848
2737,1.78075,812.458
2738,1.7816,812.068
2739,1.78245,811.679
2740,1.78331,811.29
2741,1.78416,810.902
2742,1.78501,810.514
2743,1.78586,810.126
2744,1.78671,809.739
2745,1.78757,809.353
2746,1.78842,808.966
2747,1.78927,808.581
2748,1.79012,808.195
2749,1.79097,807.81
2750,1.79183,807.426
2751,1.79268,807.042
2752,1.79353,806.658
2753,1.79438,806.275
2754,1.79523,805.892
2755,1.79608,805.509
2756,1.79693,805.127
2757,1.79778,804.746
2758,1.79863,804.365
2759,1.79948,803.984
2760,1.80033,803.603
2761,1.80118,667.704
2762,1.80203,564.433
2763,1.80288,485.964
2764,1.80373,426.341
2765,1.80458,381.039
2766,1.80543,346.616
2767,1.80628,320.458
2768,1.80713,300.577
2769,1.80798,285.462
2770,1.80883,273.966
2771,1.80967,265.217
2772,1.81052,258.553
2773,1.81137,253.473
2774,1.81222,249.593
2775,1.81307,246.624
2776,1.81392,244.347
2777,1.81476,242.594
2778,1.81561,241.238
2779,1.81646,240.184
2780,1.81731,239.359
2781,1.81815,238.707
2782,1.819,238.187
2783,1.81985,237.766
2784,1.8207,237.42
2785,1.82154,237.132
2786,1.82239,236.887
2787,1.82324,236.675
2788,1.82409,236.488
2789,1.82493,236.32
2790,1.82578,236.166
2791,1.82662,236.023
2792,1.82747,235.888
2793,1.82832,235.76
2794,1.82916,235.636
2795,1.83001,235.516
2796,1.83085,235.399
2797,1.8317,235.284
2798,1.83255,235.17
2799,1.83339,235.058
2800,1.83424,234.947
2801,1.83508,234.837
2802,1.83593,234.727
2803,1.83677,234.618
2804,1.83762,234.509
2805,1.83846,234.4
2806,1.83931,234.292
2807,1.84015,234.184
2808,1.841,234.076
2809,1.84184,233.968
2810,1.84268,233.861
2811,1.84353,233.753
2812,1.84437,233.646
2813,1.84522,233.539
2814,1.84606,233.432
2815,1.8469,233.325
2816,1.84775,233.218
2817,1.84859,233.112
2818,1.84943,233.005
2819,1.85028,232.899
2820,1.85112,232.793
2821,1.85196,175.193
2822,1.8528,131.826
2823,1.85365,99.1787
2824,1.85449,74.6057
2825,1.85533,56.1126
2826,1.85617,42.1973
2827,1.85702,31.728
2828,1.85786,23.8527
2829,1.8587,17.9294
2830,1.85954,13.475
2831,1.86038,10.1258
2832,1.86122,7.60789
2833,1.86207,5.71523
2834,1.86291,4.29278
2835,1.86375,3.22388
2836,1.86459,2.42077
2837,1.86543,1.81746
2838,1.86627,1.3643
2839,1.86711,1.02398
2840,1.86795,0.768432
2841,1.8688,0.576576
2842,1.86964,0.432556
2843,1.87048,0.324462
2844,1.87132,0.243343
2845,1.87216,0.182478
2846,1.873,0.136816
2847,1.87384,0.102565
2848,1.87468,0.0768768
2849,1.87552,0.0576139
2850,1.87636,0.0431712
2851,1.87719,0.0323442
2852,1.87803,0.0242289
2853,1.87887,0.018147
2854,1.87971,0.0135898
2855,1.88055,0.0101755
2856,1.88139,0.00761785
2857,1.88223,0.00570224
2858,1.88307,0.00426769
2859,1.88391,0.00319357
2860,1.88475,0.00238943
2861,1.88558,0.0017875
2862,1.88642,0.00133701
2863,1.88726,0.000999905
2864,1.8881,0.000747683
2865,1.88894,0.000558999
2866,1.88977,0.000417868
2867,1.89061,0.000312322
2868,1.89145,0.000233401
2869,1.89229,0.000174396
2870,1.89312,0.000130288
2871,1.89396,9.73216e-05
2872,1.8948,7.26856e-05
2873,1.89564,5.42779e-05
2874,1.89647,4.05259e-05
2875,1.89731,3.02536e-05
2876,1.89815,2.25817e-05
2877,1.89898,1.68528e-05
2878,1.89982,1.25754e-05
2879,1.90066,9.38222e-06
2880,1.90149,6.99884e-06
2881,1.90233,5.22012e-06
2882,1.90317,3.89288e-06
2883,1.904,2.90266e-06
2884,1.90484,2.164e-06
2885,1.90567,1.61306e-06
2886,1.90651,1.20222e-06
2887,1.90734,8.95876e-07
2888,1.90818,6.67495e-07
2889,1.90901,4.97261e-07
2890,1.90985,3.70386e-07
2891,1.91068,2.75842e-07
2892,1.91152,2.054e-07
2893,1.91236,1.52925e-07
2894,1.91319,1.13838e-07
2895,1.91403,8.47294e-08
2896,1.91486,6.30544e-08
2897,1.91569,4.69172e-08
2898,1.91653,3.49046e-08
2899,1.91736,2.59639e-08
2900,1.9182,1.93104e-08
2901,1.91903,1.43598e-08
2902,1.91986,1.06767e-08
2903,1.9207,7.93716e-09
2904,1.92153,5.89966e-09
2905,1.92237,4.38453e-09
2906,1.9232,3.25803e-09
2907,1.92403,2.42059e-09
2908,1.92487,1.79814e-09
2909,1.9257,1.33555e-09
2910,1.92653,9.91819e-10
2911,1.92737,7.36443e-10
2912,1.9282,5.4674e-10
2913,1.92903,4.05843e-10
2914,1.92987,3.0121e-10
2915,1.9307,2.2352e-10
2916,1.93153,1.65844e-10
2917,1.93236,1.23031e-10
2918,1.93319,9.12574e-11
2919,1.93403,6.76792e-11
2920,1.93486,5.01854e-11
2921,1.93569,3.72078e-11
2922,1.93652,2.75821e-11
2923,1.93736,2.04434e-11
2924,1.93819,1.51501e-11
2925,1.93902,1.12257e-11
2926,1.93985,8.31659e-12
2927,1.94068,6.16045e-12
2928,1.94151,4.56263e-12
2929,1.94234,3.37872e-12
2930,1.94318,2.50164e-12
2931,1.94401,1.85196e-12
2932,1.94484,1.3708e-12
2933,1.94567,1.0145e-12
2934,1.9465,7.50695e-13
2935,1.94733,5.55406e-13
2936,1.94816,4.10859e-13
2937,1.94899,3.03886e-13
2938,1.94982,2.24731e-13
2939,1.95065,1.66169e-13
2940,1.95148,1.22849e-13
2941,1.95231,193.013
2942,1.95314,335.666
2943,1.95397,441.061
2944,1.9548,518.895
2945,1.95563,576.347
2946,1.95646,618.726
2947,1.95729,649.96
2948,1.95812,672.955
2949,1.95895,689.861
2950,1.95978,702.266
2951,1.9606,711.346
2952,1.96143,717.97
2953,1.96226,722.778
2954,1.96309,726.246
2955,1.96392,728.724
2956,1.96475,730.472
2957,1.96558,731.681
2958,1.96641,732.491
2959,1.96723,733.007
2960,1.96806,733.307
2961,1.96889,733.447
2962,1.96972,733.469
2963,1.97054,733.405
2964,1.97137,733.276
2965,1.9722,733.101
2966,1.97303,732.891
2967,1.97385,732.655
2968,1.97468,732.4
2969,1.97551,732.133
2970,1.97634,731.854
2971,1.97716,731.569
2972,1.97799,731.279
2973,1.97882,730.984
2974,1.97964,730.687
2975,1.98047,730.388
2976,1.9813,730.087
2977,1.98212,729.786
2978,1.98295,729.484
2979,1.98378,729.182
2980,1.9846,728.879
2981,1.98543,728.576
2982,1.98625,728.274
2983,1.98708,727.971
2984,1.9879,727.669
2985,1.98873,727.367
2986,1.98956,727.065
2987,1.99038,726.763
2988,1.99121,726.462
2989,1.99203,726.16
2990,1.99286,725.859
2991,1.99368,725.559
2992,1.99451,725.258
2993,1.99533,724.958
2994,1.99616,724.658
2995,1.99698,724.359
2996,1.99781,724.059
2997,1.99863,723.761
2998,1.99945,723.462
2999,2.00028,723.163
3000,2.0011,722.865
3001,2.00193,722.567
3002,2.00275,722.27
3003,2.00358,721.972
3004,2.0044,721.675
3005,2.00522,721.378
3006,2.00605,721.082
3007,2.00687,720.786
3008,2.00769,720.49
3009,2.00852,720.194
3010,2.00934,719.899
3011,2.01016,719.604
3012,2.01099,719.309
3013,2.01181,719.014
3014,2.01263,718.72
3015,2.01346,718.426
3016,2.01428,718.132
3017,2.0151,717.839
3018,2.01592,717.545
3019,2.01674,717.253
3020,2.01757,716.96
3021,2.01839,716.667
3022,2.01921,716.375
3023,2.02003,716.084
3024,2.02086,715.792
3025,2.02168,715.501
3026,2.0225,715.21
3027,2.02332,714.919
3028,2.02414,714.628
3029,2.02496,714.338
3030,2.02579,714.048
3031,2.02661,713.759
3032,2.02743,713.469
3033,2.02825,713.18
3034,2.02907,712.891
3035,2.02989,712.603
3036,2.03071,712.314
3037,2.03153,712.026
3038,2.03235,711.738
3039,2.03317,711.451
3040,2.03399,711.164
3041,2.03481,710.877
3042,2.03563,710.59
3043,2.03645,710.303
3044,2.03728,710.017
3045,2.03809,709.731
3046,2.03891,709.446
3047,2.03973,709.16
3048,2.04055,708.875
3049,2.04137,708.59
3050,2.04219,708.305
3051,2.04301,708.021
3052,2.04383,707.737
3053,2.04465,707.453
3054,2.04547,707.169
3055,2.04629,706.886
3056,2.04711,706.603
3057,2.04793,706.32
3058,2.04875,706.037
3059,2.04957,705.755
3060,2.05038,705.473
3061,2.0512,705.191
3062,2.05202,704.91
3063,2.05284,704.629
3064,2.05366,704.347
3065,2.05448,704.067
3066,2.05529,703.786
3067,2.05611,703.506
3068,2.05693,703.226
3069,2.05775,702.946
3070,2.05856,702.667
3071,2.05938,702.387
3072,2.0602,702.108
3073,2.06102,701.83
3074,2.06184,701.551
3075,2.06265,701.273
3076,2.06347,700.995
3077,2.06429,700.717
3078,2.0651,700.44
3079,2.06592,700.162
3080,2.06674,699.885
3081,2.06755,699.609
3082,2.06837,699.332
3083,2.06919,699.056
3084,2.07,698.78
3085,2.07082,698.504
3086,2.07164,698.229
3087,2.07245,697.953
3088,2.07327,697.678
3089,2.07409,697.404
3090,2.0749,697.129
3091,2.07572,696.855
3092,2.07653,696.581
3093,2.07735,696.307
3094,2.07816,696.034
3095,2.07898,695.76
3096,2.0798,695.487
3097,2.08061,695.214
3098,2.08143,694.942
3099,2.08224,694.67
3100,2.08306,694.397
3101,2.08387,694.126
3102,2.08469,693.854
3103,2.0855,693.583
3104,2.08632,693.312
3105,2.08713,693.041
3106,2.08794,692.77
3107,2.08876,692.5
3108,2.08957,692.23
3109,2.09039,691.96
3110,2.0912,691.69
3111,2.09202,691.421
3112,2.09283,691.151
3113,2.09364,690.882
3114,2.09446,690.614
3115,2.09527,690.345
3116,2.09609,690.077
3117,2.0969,689.809
3118,2.09771,689.541
3119,2.09853,689.274
3120,2.09934,689.006
3121,2.10015,688.739
3122,2.10097,688.472
3123,2.10178,688.206
3124,2.10259,687.94
3125,2.10341,687.673
3126,2.10422,687.408
3127,2.10503,687.142
3128,2.10584,686.876
3129,2.10666,686.611
3130,2.10747,686.346
3131,2.10828,686.081
3132,2.10909,685.817
3133,2.10991,685.553
3134,2.11072,685.289
3135,2.11153,685.025
3136,2.11234,684.761
3137,2.11316,684.498
3138,2.11397,684.235
3139,2.11478,683.972
3140,2.11559,683.709
3141,2.1164,683.447
3142,2.11721,683.185
3143,2.11803,682.923
3144,2.11884,682.661
3145,2.11965,682.4
3146,2.12046,682.138
3147,2.12127,681.877
3148,2.12208,681.617
3149,2.12289,681.356
3150,2.1237,681.096
3151,2.12451,680.835
3152,2.12533,680.576
3153,2.12613,680.316
3154,2.12695,680.056
3155,2.12776,679.797
3156,2.12857,679.538
3157,2.12938,679.279
3158,2.13019,679.021
3159,2.131,678.762
3160,2.13181,678.504
3161,2.13262,678.246
3162,2.13343,677.989
3163,2.13424,677.731
3164,2.13505,677.474
3165,2.13586,677.217
3166,2.13667,676.96
3167,2.13748,676.703
3168,2.13829,676.447
3169,2.13909,676.191
3170,2.1399,675.935
3171,2.14071,675.679
3172,2.14152,675.424
3173,2.14233,675.169
3174,2.14314,674.914
3175,2.14395,674.659
3176,2.14476,674.404
3177,2.14557,674.15
3178,2.14638,673.896
3179,2.14718,673.642
3180,2.14799,673.388
3181,2.1488,537.614
3182,2.14961,440.751
3183,2.15042,371.651
3184,2.15122,322.358
3185,2.15203,287.193
3186,2.15284,262.105
3187,2.15365,244.203
3188,2.15446,231.425
3189,2.15526,222.298
3190,2.15607,215.775
3191,2.15688,211.107
3192,2.15769,207.761
3193,2.1585,205.357
3194,2.1593,203.624
3195,1.8,212.146
3196,1.8,218.618
3197,1.8,223.534
3198,1.8,227.267
3199,1.8,230.103
3200,1.8,232.256
3201,1.8,233.892
3202,1.8,235.134
3203,1.8,236.078
3204,1.8,236.794
3205,1.8,237.339
3206,1.8,237.752
3207,1.8,238.066
3208,1.8,238.305
3209,1.8,238.486
3210,1.8,238.623
3211,1.8,238.728
3212,1.8,238.807
3213,1.8,238.867
3214,1.8,238.913
3215,1.8,238.948
3216,1.8,238.974
3217,1.8,238.994
3218,1.8,239.009
3219,1.8,239.021
3220,1.8,239.03
3221,1.8,239.036
3222,1.8,239.042
3223,1.8,239.045
3224,1.8,239.048
3225,1.8,239.051
3226,1.8,239.052
3227,1.8,239.053
3228,1.8,239.054
3229,1.8,239.055
3230,1.8,239.056
3231,1.8,239.056
3232,1.8,239.056
3233,1.8,239.057
3234,1.8,239.057
3235,1.8,239.057
3236,1.8,239.057
3237,1.8,239.057
3238,1.8,239.057
3239,1.8,239.057
3240,1.8,239.057
3241,1.8,181.564
3242,1.8,137.898
3243,1.8,104.733
3244,1.8,79.5451
3245,1.8,60.4145
3246,1.8,45.8848
3247,1.8,34.8495
3248,1.8,26.4682
3249,1.8,20.1026
3250,1.8,15.2679
3251,1.8,11.596
3252,1.8,8.80715
3253,1.8,6.68903
3254,1.8,5.08032
3255,1.8,3.8585
3256,1.8,2.93053
3257,1.8,2.22574
3258,1.8,1.69045
3259,1.8,1.2839
3260,1.8,0.975119
3261,1.8,0.740603
3262,1.8,0.562488
3263,1.8,0.42721
3264,1.8,0.324466
3265,1.8,0.246432
3266,1.8,0.187165
3267,1.8,0.142152
3268,1.8,0.107964
3269,1.8,0.0819989
3270,1.8,0.0622781
3271,1.8,0.0473002
3272,1.8,0.0359245
3273,1.8,0.0272847
3274,1.8,0.0207227
3275,1.8,0.0157389
3276,1.8,0.0119537
3277,1.8,0.00907883
3278,1.8,0.00689537
3279,1.8,0.00523704
3280,1.8,0.00397753
3281,1.8,0.00302093
3282,1.8,0.0022944
3283,1.8,0.0017426
3284,1.8,0.0013235
3285,1.8,0.0010052
3286,1.8,0.000763449
3287,1.8,0.000579839
3288,1.8,0.000440388
3289,1.8,0.000334475
3290,1.8,0.000254034
3291,1.8,0.000192938
3292,1.8,0.000146537
3293,1.8,0.000111295
3294,1.8,8.45283e-05
3295,1.8,6.41993e-05
3296,1.8,4.87593e-05
3297,1.8,3.70327e-05
3298,1.8,2.81263e-05
3299,1.8,2.1362e-05
3300,1.8,1.62244e-05
3301,1.8,1.23224e-05
3302,1.8,9.35889e-06
3303,1.8,7.10808e-06
3304,1.8,5.39859e-06
3305,1.8,4.10023e-06
3306,1.8,3.11412e-06
3307,1.8,2.36518e-06
3308,1.8,1.79635e-06
3309,1.8,1.36433e-06
3310,1.8,1.03621e-06
3311,1.8,7.86999e-07
3312,1.8,5.97726e-07
3313,1.8,4.53973e-07
3314,1.8,3.44792e-07
3315,1.8,2.6187e-07
3316,1.8,1.9889e-07
3317,1.8,1.51057e-07
3318,1.8,1.14728e-07
3319,1.8,8.71358e-08
3320,1.8,6.61796e-08
3321,1.8,5.02634e-08
3322,1.8,3.81751e-08
3323,1.8,2.8994e-08
3324,1.8,2.20209e-08
3325,1.8,1.67249e-08
3326,1.8,1.27026e-08
3327,1.8,9.64759e-09
3328,1.8,7.32735e-09
3329,1.8,5.56512e-09
3330,1.8,4.22671e-09
3331,1.8,3.21018e-09
3332,1.8,2.43814e-09
3333,1.8,1.85176e-09
3334,1.8,1.40641e-09
3335,1.8,1.06817e-09
3336,1.8,8.11277e-10
3337,1.8,6.16165e-10
3338,1.8,4.67977e-10
3339,1.8,3.55428e-10
3340,1.8,2.69948e-10
3341,1.8,2.05025e-10
3342,1.8,1.55717e-10
3343,1.8,1.18267e-10
3344,1.8,8.98237e-11
3345,1.8,6.82211e-11
3346,1.8,5.18139e-11
3347,1.8,3.93527e-11
3348,1.8,2.98884e-11
3349,1.8,2.27002e-11
3350,1.8,1.72408e-11
3351,1.8,1.30944e-11
3352,1.8,9.9452e-12
3353,1.8,7.55338e-12
3354,1.8,5.73679e-12
3355,1.8,4.35709e-12
3356,1.8,3.30921e-12
3357,1.8,2.51335e-12
3358,1.8,1.90889e-12
3359,1.8,1.4498e-12
3360,1.8,1.10112e-12
3361,1.8,193.013
3362,1.8,339.607
3363,1.8,450.945
3364,1.8,535.506
3365,1.8,599.73
3366,1.8,648.508
3367,1.8,685.555
3368,1.8,713.693
3369,1.8,735.063
3370,1.8,751.294
3371,1.8,763.621
3372,1.8,772.983
3373,1.8,780.094
3374,1.8,785.495
3375,1.8,789.597
3376,1.8,792.712
3377,1.8,795.078
3378,1.8,796.875
3379,1.8,798.24
3380,1.8,799.277
3381,1.8,800.064
3382,1.8,800.662
3383,1.8,801.116
3384,1.8,801.461
3385,1.8,801.723
3386,1.8,801.922
3387,1.8,802.073
3388,1.8,802.188
3389,1.8,802.275
3390,1.8,802.341
3391,1.8,802.391
3392,1.8,802.43
3393,1.8,802.459
3394,1.8,802.481
3395,1.8,802.497
3396,1.8,802.51
3397,1.8,802.52
3398,1.8,802.527
3399,1.8,802.533
3400,1.8,802.537
3401,1.8,802.54
3402,1.8,802.543
3403,1.8,802.544
3404,1.8,802.546
3405,1.8,802.547
3406,1.8,802.548
3407,1.8,802.548
3408,1.8,802.549
3409,1.8,802.549
3410,1.8,802.549
3411,1.8,802.55
3412,1.8,802.55
3413,1.8,802.55
3414,1.8,802.55
3415,1.8,802.55
3416,1.8,802.55
3417,1.8,802.55
3418,1.8,802.55
3419,1.8,802.55
3420,1.8,802.55
3421,1.8,802.55
3422,1.8,802.55
3423,1.8,802.55
3424,1.8,802.55
3425,1.8,802.55
3426,1.8,802.55
3427,1.8,802.55
3428,1.8,802.55
3429,1.8,802.55
3430,1.8,802.55
3431,1.8,802.55
3432,1.8,802.55
3433,1.8,802.55
3434,1.8,802.55
3435,1.8,802.55
3436,1.8,802.55
3437,1.8,802.55
3438,1.8,802.55
3439,1.8,802.55
3440,1.8,802.55
3441,1.8,802.55
3442,1.8,802.55
3443,1.8,802.55
3444,1.8,802.55
3445,1.8,802.55
3446,1.8,802.55
3447,1.8,802.55
3448,1.8,802.55
3449,1.8,802.55
3450,1.8,802.55
3451,1.8,802.55
3452,1.8,802.55
3453,1.8,802.55
3454,1.8,802.55
3455,1.8,802.55
3456,1.8,802.55
3457,1.8,802.55
3458,1.8,802.55
3459,1.8,802.55
3460,1.8,802.55
3461,1.8,802.55
3462,1.8,802.55
3463,1.8,802.55
3464,1.8,802.55
3465,1.8,802.55
3466,1.8,802.55
3467,1.8,802.55
3468,1.8,802.55
3469,1.8,802.55
3470,1.8,802.55
3471,1.8,802.55
3472,1.8,802.55
3473,1.8,802.55
3474,1.8,802.55
3475,1.8,802.55
3476,1.8,802.55
3477,1.8,802.55
3478,1.8,802.55
3479,1.8,802.55
3480,1.8,802.55
3481,1.8,802.55
3482,1.8,802.55
3483,1.8,802.55
3484,1.8,802.55
3485,1.8,802.55
3486,1.8,802.55
3487,1.8,802.55
3488,1.8,802.55
3489,1.8,802.55
3490,1.8,802.55
3491,1.8,802.55
3492,1.8,802.55
3493,1.8,802.55
3494,1.8,802.55
3495,1.8,802.55
3496,1.8,802.55
3497,1.8,802.55
3498,1.8,802.55
3499,1.8,802.55
3500,1.8,802.55
3501,1.8,802.55
3502,1.8,802.55
3503,1.8,802.55
3504,1.8,802.55
3505,1.8,802.55
3506,1.8,802.55
3507,1.8,802.55
3508,1.8,802.55
3509,1.8,802.55
3510,1.8,802.55
3511,1.8,802.55
3512,1.8,802.55
3513,1.8,802.55
3514,1.8,802.55
3515,1.8,802.55
3516,1.8,802.55
3517,1.8,802.55
3518,1.8,802.55
3519,1.8,802.55
3520,1.8,802.55
3521,1.8,802.55
3522,1.8,802.55
3523,1.8,802.55
3524,1.8,802.55
3525,1.8,802.55
3526,1.8,802.55
3527,1.8,802.55
3528,1.8,802.55
3529,1.8,802.55
3530,1.8,802.55
3531,1.8,802.55
3532,1.8,802.55
3533,1.8,802.55
3534,1.8,802.55
3535,1.8,802.55
3536,1.8,802.55
3537,1.8,802.55
3538,1.8,802.55
3539,1.8,802.55
3540,1.8,802.55
3541,1.8,802.55
3542,1.8,802.55
3543,1.8,802.55
3544,1.8,802.55
3545,1.8,802.55
3546,1.8,802.55
3547,1.8,802.55
3548,1.8,802.55
3549,1.8,802.55
3550,1.8,802.55
3551,1.8,802.55
3552,1.8,802.55
3553,1.8,802.55
3554,1.8,802.55
3555,1.8,802.55
3556,1.8,802.55
3557,1.8,802.55
3558,1.8,802.55
3559,1.8,802.55
3560,1.8,802.55
3561,1.8,802.55
3562,1.8,802.55
3563,1.8,802.55
3564,1.8,802.55
3565,1.8,802.55
3566,1.8,802.55
3567,1.8,802.55
3568,1.8,802.55
3569,1.8,802.55
3570,1.8,802.55
3571,1.8,802.55
3572,1.8,802.55
3573,1.8,802.55
3574,1.8,802.55
3575,1.8,802.55
3576,1.8,802.55
3577,1.8,802.55
3578,1.8,802.55
3579,1.8,802.55
3580,1.8,802.55
3581,1.8,802.55
3582,1.8,802.55
3583,1.8,802.55
3584,1.8,802.55
3585,1.8,802.55
3586,1.8,802.55
3587,1.8,802.55
3588,1.8,802.55
3589,1.8,802.55
3590,1.8,802.55
3591,1.8,802.55
3592,1.8,802.55
3593,1.8,802.55
3594,1.8,802.55
3595,1.8,802.55
3596,1.8,802.55
3597,1.8,802.55
3598,1.8,802.55
3599,1.8,802.55
3600,1.8,802.55
